,Smiles,deltaG4_bin,partition,prediction
728,*[Ni@](C9=N(B1CCCCC1)C(F)=C(F)O9)(c1ccc2ccccc2c1)([O@](C)[Si]([CH3])([CH3])[CH3])*,1,train,999
1034,*[Ni@](P(c1c2ccccc2ccc1)(C(C)OC)c1ccc(C(F)(F)F)cc1)(c1ccc2ccccc2c1)([O@](C)[Si]([CH3])([CH3])[CH3])*,0,train,999
1091,*[Ni@](P(OC)(N1CCCC1)N1CCCC1)(c1ccc2ccccc2c1)([O@](C)[Si]([CH3])([CH3])[CH3])*,0,train,999
341,*[Ni@](C9=N(N(C)C)C1C2=CC=CC(=C23)C=CC=C3C=1S9)(c1ccc2ccccc2c1)([O@](C)[Si]([CH3])([CH3])[CH3])*,1,train,999
647,*[Ni@](C9=N(c1ccc(C(Cl)(Cl)Cl)cc1)C(OC)C(OC)O9)(c1ccc2ccccc2c1)([O@](C)[Si]([CH3])([CH3])[CH3])*,1,train,999
975,*[Ni@](P(c1cc(C(C)C)ccc1)(Cc1ccccc1)c1cc(C)c(OC)c(C)c1)(c1ccc2ccccc2c1)([O@](C)[Si]([CH3])([CH3])[CH3])*,1,train,999
487,*[Ni@](C9=N(CCCO)CCO9)(c1ccc2ccccc2c1)([O@](C)[Si]([CH3])([CH3])[CH3])*,1,train,999
97,*[Ni@](C9=N(c1c(C)cccc1)C(F)=C(F)S9)(c1ccc2ccccc2c1)([O@](C)[Si]([CH3])([CH3])[CH3])*,1,train,999
820,*[Ni@](P(C1CC1)(c1ccccc1)c1ccccc1)(c1ccc2ccccc2c1)([O@](C)[Si]([CH3])([CH3])[CH3])*,0,train,999
1021,*[Ni@](P(CC)(C(C)C)N1C=CC=CC=C1)(c1ccc2ccccc2c1)([O@](C)[Si]([CH3])([CH3])[CH3])*,0,train,999
693,*[Ni@](C9=N(B)C(C)=C(C)S9)(c1ccc2ccccc2c1)([O@](C)[Si]([CH3])([CH3])[CH3])*,1,train,999
527,*[Ni@](C9=N(CCCC)C(=O)C(=O)N(CCCC)9)(c1ccc2ccccc2c1)([O@](C)[Si]([CH3])([CH3])[CH3])*,1,train,999
324,*[Ni@](C9=N(N)C(Cl)C(Cl)N(N)9)(c1ccc2ccccc2c1)([O@](C)[Si]([CH3])([CH3])[CH3])*,1,train,999
1399,*[Ni@](P(C(C)(C)C)(OCC)CCOCC)(c1ccc2ccccc2c1)([O@](C)[Si]([CH3])([CH3])[CH3])*,0,train,999
1298,*[Ni@](P(c1cc(N(C)C)ccc1)(c1cc(C(F)(F)F)cc(C(F)(F)F)c1)[Si]([CH3])([CH3])[CH3])(c1ccc2ccccc2c1)([O@](C)[Si]([CH3])([CH3])[CH3])*,0,train,999
1072,*[Ni@](P(CO)(c1c(Cl)c(Cl)c(Cl)c(Cl)c(Cl)1)[Si]([CH3])([CH3])[CH3])(c1ccc2ccccc2c1)([O@](C)[Si]([CH3])([CH3])[CH3])*,0,train,999
1075,*[Ni@](P(CCO)(CCO)CCO)(c1ccc2ccccc2c1)([O@](C)[Si]([CH3])([CH3])[CH3])*,0,train,999
433,*[Ni@](C9=N(Nc1ccccc1)C1C=CN(C)C=1N(COC)9)(c1ccc2ccccc2c1)([O@](C)[Si]([CH3])([CH3])[CH3])*,0,train,999
1019,*[Ni@](P(c1ccc(C(C)(C)C)cc1)(c1ccc(C(C)(C)C)cc1)c1c(OC)cccc1)(c1ccc2ccccc2c1)([O@](C)[Si]([CH3])([CH3])[CH3])*,0,train,999
229,*[Ni@](C9=N(Cc1ccccc1)C1CCCCC1N(B1CCC1)9)(c1ccc2ccccc2c1)([O@](C)[Si]([CH3])([CH3])[CH3])*,1,train,999
641,*[Ni@](C9=N(c1ccc(C(Cl)(Cl)Cl)cc1)C(Cl)=C(Cl)N(c1ccc(C(Cl)(Cl)Cl)cc1)9)(c1ccc2ccccc2c1)([O@](C)[Si]([CH3])([CH3])[CH3])*,1,train,999
352,*[Ni@](C9=N(C(C)C)C(Cl)C(Cl)N(c1c(C)cc(C)cc(C)1)9)(c1ccc2ccccc2c1)([O@](C)[Si]([CH3])([CH3])[CH3])*,1,train,999
744,*[Ni@](C9=N(CC(C)C)C1CCCCC1S9)(c1ccc2ccccc2c1)([O@](C)[Si]([CH3])([CH3])[CH3])*,1,train,999
988,*[Ni@](P(c1ccc(C(C)C)cc1)(c1ccc(C(C)C)cc1)OC(C)C)(c1ccc2ccccc2c1)([O@](C)[Si]([CH3])([CH3])[CH3])*,0,train,999
721,*[Ni@](C9=N(B1CCCC1)C(F)C(F)O9)(c1ccc2ccccc2c1)([O@](C)[Si]([CH3])([CH3])[CH3])*,1,train,999
217,*[Ni@](C9=N(c1c2ccccc2ccc1)C(C(F)(F)F)C(C(F)(F)F)N(B1CCCCC1)9)(c1ccc2ccccc2c1)([O@](C)[Si]([CH3])([CH3])[CH3])*,1,train,999
673,*[Ni@](C9=N(c1c(F)c(F)c(F)c(F)c(F)1)C(OC)=C(OC)S9)(c1ccc2ccccc2c1)([O@](C)[Si]([CH3])([CH3])[CH3])*,1,train,999
31,*[Ni@](C9=N(C1CC1)c1ccccc1S9)(c1ccc2ccccc2c1)([O@](C)[Si]([CH3])([CH3])[CH3])*,1,train,999
509,*[Ni@](C9=N(C(C)OC)C(OC(C)C)=C(OC(C)C)N(c1ccc(Cl)cc1)9)(c1ccc2ccccc2c1)([O@](C)[Si]([CH3])([CH3])[CH3])*,0,train,999
107,*[Ni@](C9=N(c1cc(C)ccc1)C1C=COC=1O9)(c1ccc2ccccc2c1)([O@](C)[Si]([CH3])([CH3])[CH3])*,1,train,999
958,*[Ni@](P(c1cc(C)cc(C)c1)(c1cc(C)cc(C)c1)c1ncccc1)(c1ccc2ccccc2c1)([O@](C)[Si]([CH3])([CH3])[CH3])*,0,train,999
1003,*[Ni@](P(c1cc(C(C)(C)C)ccc1)(c1cc(C(C)(C)C)ccc1)C1=CC=CN(c2ccccc2)1)(c1ccc2ccccc2c1)([O@](C)[Si]([CH3])([CH3])[CH3])*,0,train,999
171,*[Ni@](C9=N(c1cc(C(C)C)ccc1)C1CCCCC1S9)(c1ccc2ccccc2c1)([O@](C)[Si]([CH3])([CH3])[CH3])*,1,train,999
558,*[Ni@](C9=N(CCCC)C(O)=C(O)N(C(C)(C)C)9)(c1ccc2ccccc2c1)([O@](C)[Si]([CH3])([CH3])[CH3])*,0,train,999
577,*[Ni@](C9=N(C1=CC=CO1)C1C2=CC=CC(=C23)C=CC=C3C=1S9)(c1ccc2ccccc2c1)([O@](C)[Si]([CH3])([CH3])[CH3])*,1,train,999
492,*[Ni@](C9=N(CCCC)C(OC)=C(OC)N(c1cc(C(C)C)ccc1)9)(c1ccc2ccccc2c1)([O@](C)[Si]([CH3])([CH3])[CH3])*,1,train,999
1147,*[Ni@](P(CCC)(C(O)C(Cl)(Cl)Cl)[Si]([CH3])([CH3])[CH3])(c1ccc2ccccc2c1)([O@](C)[Si]([CH3])([CH3])[CH3])*,0,train,999
1372,*[Ni@](P(C(C)CC)(C(C)(C)C)C(C)(C)C)(c1ccc2ccccc2c1)([O@](C)[Si]([CH3])([CH3])[CH3])*,0,train,999
252,*[Ni@](C9=N(C(c1ccccc1)c2ccccc2)C(F)=C(F)S9)(c1ccc2ccccc2c1)([O@](C)[Si]([CH3])([CH3])[CH3])*,1,train,999
439,*[Ni@](C9=N(Nc1ccccc1)C(OC)=C(OC)N(C(=O)c1c(C)cc(C)cc(C)1)9)(c1ccc2ccccc2c1)([O@](C)[Si]([CH3])([CH3])[CH3])*,0,train,999
904,*[Ni@](P(c1ccccc1)(c1ccc(C)cc1)OCc1ccccc1)(c1ccc2ccccc2c1)([O@](C)[Si]([CH3])([CH3])[CH3])*,0,train,999
813,*[Ni@](P(CCCCCC)(N)c1ccc(F)cc1)(c1ccc2ccccc2c1)([O@](C)[Si]([CH3])([CH3])[CH3])*,0,train,999
1038,*[Ni@](P(CC)(CCCC)CCCC)(c1ccc2ccccc2c1)([O@](C)[Si]([CH3])([CH3])[CH3])*,0,train,999
148,*[Ni@](C9=N(c1c(C)cc(C)cc(C)1)C(F)C(F)S9)(c1ccc2ccccc2c1)([O@](C)[Si]([CH3])([CH3])[CH3])*,1,train,999
271,*[Ni@](C9=N(c1cc(N(C)C)ccc1)N1C=CC=C1N(c1ccc(C(Cl)(Cl)Cl)cc1)9)(c1ccc2ccccc2c1)([O@](C)[Si]([CH3])([CH3])[CH3])*,1,train,999
251,*[Ni@](C9=N(C(c1ccccc1)c2ccccc2)C(Cl)=C(Cl)O9)(c1ccc2ccccc2c1)([O@](C)[Si]([CH3])([CH3])[CH3])*,1,train,999
153,*[Ni@](C9=N(c1c(C(C)C)cccc1)CCN(Nc1ccccc1)9)(c1ccc2ccccc2c1)([O@](C)[Si]([CH3])([CH3])[CH3])*,1,train,999
294,*[Ni@](C9=N(Cc1c(C#N)cccc1)C(C(C)C)=C(C(C)C)S9)(c1ccc2ccccc2c1)([O@](C)[Si]([CH3])([CH3])[CH3])*,1,train,999
159,*[Ni@](C9=N(c1c(C(C)C)cccc1)C(C(Cl)(Cl)Cl)=C(C(Cl)(Cl)Cl)S9)(c1ccc2ccccc2c1)([O@](C)[Si]([CH3])([CH3])[CH3])*,1,train,999
1326,*[Ni@](P(c1ccc(Cl)cc1)(c1ccc(Cl)cc1)c1c(Cl)c(Cl)c(Cl)c(Cl)c(Cl)1)(c1ccc2ccccc2c1)([O@](C)[Si]([CH3])([CH3])[CH3])*,0,train,999
87,*[Ni@](C9=N(c1c(C)cccc1)N1C=CC=C1N(N1CCCC1)9)(c1ccc2ccccc2c1)([O@](C)[Si]([CH3])([CH3])[CH3])*,0,train,999
1089,*[Ni@](P(OC)(N)N)(c1ccc2ccccc2c1)([O@](C)[Si]([CH3])([CH3])[CH3])*,0,train,999
272,*[Ni@](C9=N(c1cc(N(C)C)ccc1)N=CN(c1c(F)c(F)c(F)c(F)c(F)1)9)(c1ccc2ccccc2c1)([O@](C)[Si]([CH3])([CH3])[CH3])*,1,train,999
644,*[Ni@](C9=N(C(C)CC)C(Cl)C(Cl)N(C(C)CC)9)(c1ccc2ccccc2c1)([O@](C)[Si]([CH3])([CH3])[CH3])*,1,train,999
184,*[Ni@](C9=N(c1ccc(C(C)C)cc1)C(O)=C(O)S9)(c1ccc2ccccc2c1)([O@](C)[Si]([CH3])([CH3])[CH3])*,1,train,999
1403,*[Ni@](P(C(C)(C)C)(N(CC)CC)C(O)C(Cl)(Cl)Cl)(c1ccc2ccccc2c1)([O@](C)[Si]([CH3])([CH3])[CH3])*,0,train,999
1258,*[Ni@](P(N1CCCC1)(c1ccc(F)cc1)c1ccc(C(Cl)(Cl)Cl)cc1)(c1ccc2ccccc2c1)([O@](C)[Si]([CH3])([CH3])[CH3])*,0,train,999
709,*[Ni@](C9=N(B1CCC1)C(C(C)C)=C(C(C)C)O9)(c1ccc2ccccc2c1)([O@](C)[Si]([CH3])([CH3])[CH3])*,1,train,999
5,*[Ni@](C9=N([H])C(C(Cl)(Cl)Cl)=C(C(Cl)(Cl)Cl)N(C)9)(c1ccc2ccccc2c1)([O@](C)[Si]([CH3])([CH3])[CH3])*,1,train,999
345,*[Ni@](C9=N(N(CC)CC)C(C(F)(F)F)C(C(F)(F)F)N(COC)9)(c1ccc2ccccc2c1)([O@](C)[Si]([CH3])([CH3])[CH3])*,0,train,999
871,*[Ni@](P(C1CCCC1)(C(C)OC)C(=O)c1ccccc1)(c1ccc2ccccc2c1)([O@](C)[Si]([CH3])([CH3])[CH3])*,0,train,999
588,*[Ni@](C9=N(C(C)CC)C(C(F)(F)F)C(C(F)(F)F)N(C1CCCC1)9)(c1ccc2ccccc2c1)([O@](C)[Si]([CH3])([CH3])[CH3])*,0,train,999
523,*[Ni@](C9=N(CCOCC)C=CO9)(c1ccc2ccccc2c1)([O@](C)[Si]([CH3])([CH3])[CH3])*,1,train,999
1291,*[Ni@](P(c1cc(N(C)C)ccc1)(c1cc(N(C)C)ccc1)c1cc(N(C)C)ccc1)(c1ccc2ccccc2c1)([O@](C)[Si]([CH3])([CH3])[CH3])*,0,train,999
1266,*[Ni@](P(N1CCCCC1)(c1ccc(F)cc1)c1cc(C(F)(F)F)cc(C(F)(F)F)c1)(c1ccc2ccccc2c1)([O@](C)[Si]([CH3])([CH3])[CH3])*,0,train,999
1379,*[Ni@](P(CC(C)C)(c1cc(C)ccc1)[Si]([CH3])([CH3])[CH3])(c1ccc2ccccc2c1)([O@](C)[Si]([CH3])([CH3])[CH3])*,0,train,999
1283,*[Ni@](P(CCC(=O)N)(CCC(=O)N)CCC(=O)N)(c1ccc2ccccc2c1)([O@](C)[Si]([CH3])([CH3])[CH3])*,0,train,999
288,*[Ni@](C9=N(Cc1c(C#N)cccc1)C=CN(Cc1c(C#N)cccc1)9)(c1ccc2ccccc2c1)([O@](C)[Si]([CH3])([CH3])[CH3])*,1,train,999
222,*[Ni@](C9=N(Cc1ccccc1)c1ccccc1N(Cc1ccccc1)9)(c1ccc2ccccc2c1)([O@](C)[Si]([CH3])([CH3])[CH3])*,1,train,999
927,*[Ni@](P(c1c(C)cccc1)(c1ccc(Cl)cc1)C(O)C(Cl)(Cl)Cl)(c1ccc2ccccc2c1)([O@](C)[Si]([CH3])([CH3])[CH3])*,0,train,999
1164,*[Ni@](P(c1cc(OC)ccc1)(c1c(F)c(F)c(F)c(F)c(F)1)c1c(F)c(F)c(F)c(F)c(F)1)(c1ccc2ccccc2c1)([O@](C)[Si]([CH3])([CH3])[CH3])*,0,train,999
263,*[Ni@](C9=N(c1c(N(C)C)cccc1)C(OC)=C(OC)O9)(c1ccc2ccccc2c1)([O@](C)[Si]([CH3])([CH3])[CH3])*,1,train,999
662,*[Ni@](C9=N(c1cc(C(F)(F)F)cc(C(F)(F)F)c1)C(O)=C(O)S9)(c1ccc2ccccc2c1)([O@](C)[Si]([CH3])([CH3])[CH3])*,1,train,999
554,*[Ni@](C9=N(c1ccc(OC)cc1)C(C)C(C)O9)(c1ccc2ccccc2c1)([O@](C)[Si]([CH3])([CH3])[CH3])*,1,train,999
489,*[Ni@](C9=N(CCCO)C(C)=C(C)O9)(c1ccc2ccccc2c1)([O@](C)[Si]([CH3])([CH3])[CH3])*,1,train,999
512,*[Ni@](C9=N(C(C)OC)C(C)C(C)S9)(c1ccc2ccccc2c1)([O@](C)[Si]([CH3])([CH3])[CH3])*,1,train,999
885,*[Ni@](P(C12CC3CC(C1)CC(C3)C2)(C12CC3CC(C1)CC(C3)C2)CCCO)(c1ccc2ccccc2c1)([O@](C)[Si]([CH3])([CH3])[CH3])*,0,train,999
931,*[Ni@](P(C)(CC(C)C)CC(C)C)(c1ccc2ccccc2c1)([O@](C)[Si]([CH3])([CH3])[CH3])*,0,train,999
1257,*[Ni@](P(N1CCCC1)(N1CCCC1)c1c(Cl)c(Cl)c(Cl)c(Cl)c(Cl)1)(c1ccc2ccccc2c1)([O@](C)[Si]([CH3])([CH3])[CH3])*,0,train,999
305,*[Ni@](C9=N(c1ncccc1)C(C)=C(C)N(c1ccc(C(Cl)(Cl)Cl)cc1)9)(c1ccc2ccccc2c1)([O@](C)[Si]([CH3])([CH3])[CH3])*,1,train,999
490,*[Ni@](C9=N(CCCO)C(C(C)C)=C(C(C)C)S9)(c1ccc2ccccc2c1)([O@](C)[Si]([CH3])([CH3])[CH3])*,1,train,999
939,*[Ni@](P(c1cc(C)ccc1)(C1OC=CC=1)C1OC=CC=1)(c1ccc2ccccc2c1)([O@](C)[Si]([CH3])([CH3])[CH3])*,0,train,999
1239,*[Ni@](P(N)(c1ccc(F)cc1)c1ccc(F)cc1)(c1ccc2ccccc2c1)([O@](C)[Si]([CH3])([CH3])[CH3])*,0,train,999
1119,*[Ni@](P(CCC)(CCC)CC(C)C)(c1ccc2ccccc2c1)([O@](C)[Si]([CH3])([CH3])[CH3])*,0,train,999
678,*[Ni@](C9=N(c1c(Cl)c(Cl)c(Cl)c(Cl)c(Cl)1)N=CN(c1c(Cl)c(Cl)c(Cl)c(Cl)c(Cl)1)9)(c1ccc2ccccc2c1)([O@](C)[Si]([CH3])([CH3])[CH3])*,1,train,999
342,*[Ni@](C9=N(N(CC)CC)CCN(N(CC)CC)9)(c1ccc2ccccc2c1)([O@](C)[Si]([CH3])([CH3])[CH3])*,0,train,999
1367,*[Ni@](P(C(C)CC)(C(C)CC)C(C)CC)(c1ccc2ccccc2c1)([O@](C)[Si]([CH3])([CH3])[CH3])*,0,train,999
635,*[Ni@](C9=N(c1ccc(C(F)(F)F)cc1)C(C(F)(F)F)=C(C(F)(F)F)S9)(c1ccc2ccccc2c1)([O@](C)[Si]([CH3])([CH3])[CH3])*,1,train,999
951,*[Ni@](P(c1ccc(C)cc1)(N(C)C)N(C)C)(c1ccc2ccccc2c1)([O@](C)[Si]([CH3])([CH3])[CH3])*,0,train,999
835,*[Ni@](P(C1CC1)(c1c(Cl)c(Cl)c(Cl)c(Cl)c(Cl)1)c1c(Cl)c(Cl)c(Cl)c(Cl)c(Cl)1)(c1ccc2ccccc2c1)([O@](C)[Si]([CH3])([CH3])[CH3])*,0,train,999
21,*[Ni@](C9=N(C1CC1)C1C=CN(C)C=1N(C1CC1)9)(c1ccc2ccccc2c1)([O@](C)[Si]([CH3])([CH3])[CH3])*,1,train,999
775,*[Ni@](P([H])(C1CCCC1)C1CCCCC1)(c1ccc2ccccc2c1)([O@](C)[Si]([CH3])([CH3])[CH3])*,0,train,999
431,*[Ni@](C9=N(Nc1ccccc1)C1C(=O)CCC(=O)C1N(COC)9)(c1ccc2ccccc2c1)([O@](C)[Si]([CH3])([CH3])[CH3])*,1,train,999
1129,*[Ni@](P(OCC)(N1C=CC=CC=C1)N1C=CC=CC=C1)(c1ccc2ccccc2c1)([O@](C)[Si]([CH3])([CH3])[CH3])*,0,train,999
1014,*[Ni@](P(c1cc(C(C)(C)C)ccc1)(C1=CC=CN(c2ccccc2)1)C1=CC=CN(c2ccccc2)1)(c1ccc2ccccc2c1)([O@](C)[Si]([CH3])([CH3])[CH3])*,0,train,999
103,*[Ni@](C9=N(c1cc(C)ccc1)C(C(C)C)C(C(C)C)N(N)9)(c1ccc2ccccc2c1)([O@](C)[Si]([CH3])([CH3])[CH3])*,1,train,999
1300,*[Ni@](P(CCCC)(c1ccc(N(C)C)cc1)C(O)C(Cl)(Cl)Cl)(c1ccc2ccccc2c1)([O@](C)[Si]([CH3])([CH3])[CH3])*,0,train,999
259,*[Ni@](C9=N(CCC)C1CCCCCC=1N(CCC)9)(c1ccc2ccccc2c1)([O@](C)[Si]([CH3])([CH3])[CH3])*,0,train,999
532,*[Ni@](C9=N(c1c(OC)cccc1)C(OC)=C(OC)O9)(c1ccc2ccccc2c1)([O@](C)[Si]([CH3])([CH3])[CH3])*,1,train,999
1317,*[Ni@](P(Cc1ncccc1)(c1cc(C(F)(F)F)cc(C(F)(F)F)c1)C(O)C(Cl)(Cl)Cl)(c1ccc2ccccc2c1)([O@](C)[Si]([CH3])([CH3])[CH3])*,1,train,999
116,*[Ni@](C9=N(c1ccc(C)cc1)C(C(C)C)C(C(C)C)N(COC)9)(c1ccc2ccccc2c1)([O@](C)[Si]([CH3])([CH3])[CH3])*,1,train,999
1294,*[Ni@](P(CCCC)(c1cc(N(C)C)ccc1)c1cc(C(F)(F)F)cc(C(F)(F)F)c1)(c1ccc2ccccc2c1)([O@](C)[Si]([CH3])([CH3])[CH3])*,0,train,999
918,*[Ni@](P(C)(CC(C)C)c1c(C)cccc1)(c1ccc2ccccc2c1)([O@](C)[Si]([CH3])([CH3])[CH3])*,0,train,999
226,*[Ni@](C9=N(Cc1ccccc1)CCN(c1ccccc(c2ccccc2)1)9)(c1ccc2ccccc2c1)([O@](C)[Si]([CH3])([CH3])[CH3])*,1,train,999
922,*[Ni@](P(c1c(C)cccc1)(c1ccc(C(C)C)cc1)c1ncccc1)(c1ccc2ccccc2c1)([O@](C)[Si]([CH3])([CH3])[CH3])*,0,train,999
634,*[Ni@](C9=N(c1ccc(C(F)(F)F)cc1)N=CO9)(c1ccc2ccccc2c1)([O@](C)[Si]([CH3])([CH3])[CH3])*,1,train,999
688,*[Ni@](C9=N(B)C(O)=C(O)O9)(c1ccc2ccccc2c1)([O@](C)[Si]([CH3])([CH3])[CH3])*,1,train,999
1087,*[Ni@](P(CCCO)(OC(C)C)c1ncccc1)(c1ccc2ccccc2c1)([O@](C)[Si]([CH3])([CH3])[CH3])*,0,train,999
198,*[Ni@](C9=N(CC)C(C(F)(F)F)=C(C(F)(F)F)S9)(c1ccc2ccccc2c1)([O@](C)[Si]([CH3])([CH3])[CH3])*,1,train,999
3,*[Ni@](C9=N([H])C(C(F)(F)F)C(C(F)(F)F)N([H])9)(c1ccc2ccccc2c1)([O@](C)[Si]([CH3])([CH3])[CH3])*,1,train,999
903,*[Ni@](P(c1ccccc1)(c1c(C)cccc1)c1c(OC)cccc1)(c1ccc2ccccc2c1)([O@](C)[Si]([CH3])([CH3])[CH3])*,0,train,999
570,*[Ni@](C9=N(C1=CC=CO1)C1N(C)C(=O)N(C)C(=O)C=1N(C1=CC=CO1)9)(c1ccc2ccccc2c1)([O@](C)[Si]([CH3])([CH3])[CH3])*,1,train,999
1320,*[Ni@](P(c1ccc(F)cc1)(c1ccc(F)cc1)c1ccc(F)cc1)(c1ccc2ccccc2c1)([O@](C)[Si]([CH3])([CH3])[CH3])*,0,train,999
790,*[Ni@](P([H])(CCCO)CCCO)(c1ccc2ccccc2c1)([O@](C)[Si]([CH3])([CH3])[CH3])*,0,train,999
1101,*[Ni@](P(COC)(c1c(OC)cccc1)c1ccc(F)cc1)(c1ccc2ccccc2c1)([O@](C)[Si]([CH3])([CH3])[CH3])*,0,train,999
1233,*[Ni@](P(C(C)C)(C(C)CC)C1CCCCC1)(c1ccc2ccccc2c1)([O@](C)[Si]([CH3])([CH3])[CH3])*,0,train,999
1328,*[Ni@](P(c1ccc(Cl)cc1)(c1cc(C(F)(F)F)cc(C(F)(F)F)c1)c1c(Cl)c(Cl)c(Cl)c(Cl)c(Cl)1)(c1ccc2ccccc2c1)([O@](C)[Si]([CH3])([CH3])[CH3])*,0,train,999
1383,*[Ni@](P(CC(C)C)(C(=O)c1c2ccccc2ccc1)c1c(F)c(F)c(F)c(F)c(F)1)(c1ccc2ccccc2c1)([O@](C)[Si]([CH3])([CH3])[CH3])*,0,train,999
14,*[Ni@](C9=N(CCCCCC)C1C=COC=1N(N(C(C)C)C(C)C)9)(c1ccc2ccccc2c1)([O@](C)[Si]([CH3])([CH3])[CH3])*,1,train,999
387,*[Ni@](C9=N(N1CCCCC1)CCN(N1CCCCC1)9)(c1ccc2ccccc2c1)([O@](C)[Si]([CH3])([CH3])[CH3])*,1,train,999
189,*[Ni@](C9=N(c1c(C(C)(C)C)cccc1)C(C(F)(F)F)=C(C(F)(F)F)O9)(c1ccc2ccccc2c1)([O@](C)[Si]([CH3])([CH3])[CH3])*,1,train,999
679,*[Ni@](C9=N(c1c(Cl)c(Cl)c(Cl)c(Cl)c(Cl)1)N1C=CC=C1N(c1c(Cl)c(Cl)c(Cl)c(Cl)c(Cl)1)9)(c1ccc2ccccc2c1)([O@](C)[Si]([CH3])([CH3])[CH3])*,0,train,999
17,*[Ni@](C9=N(CCCCCC)C(C)C(C)S9)(c1ccc2ccccc2c1)([O@](C)[Si]([CH3])([CH3])[CH3])*,1,train,999
855,*[Ni@](P(C)(CC)C(=O)c1c(C)cc(C)cc(C)1)(c1ccc2ccccc2c1)([O@](C)[Si]([CH3])([CH3])[CH3])*,0,train,999
503,*[Ni@](C9=N(COC)C1C=CN(C)C=1S9)(c1ccc2ccccc2c1)([O@](C)[Si]([CH3])([CH3])[CH3])*,1,train,999
1179,*[Ni@](P(c1cc(C)c(OC)c(C)c1)(c1cc(C)c(OC)c(C)c1)c1ccc(N(C)C)cc1)(c1ccc2ccccc2c1)([O@](C)[Si]([CH3])([CH3])[CH3])*,0,train,999
1149,*[Ni@](P(CCC)(CC(C)C)CCCO)(c1ccc2ccccc2c1)([O@](C)[Si]([CH3])([CH3])[CH3])*,0,train,999
1411,*[Ni@](P(CCCCC)(C12CC3CC(C1)CC(C3)C2)CO)(c1ccc2ccccc2c1)([O@](C)[Si]([CH3])([CH3])[CH3])*,0,train,999
46,*[Ni@](C9=N(C1CCC1)C(F)C(F)S9)(c1ccc2ccccc2c1)([O@](C)[Si]([CH3])([CH3])[CH3])*,1,train,999
671,*[Ni@](C9=N(c1c(F)c(F)c(F)c(F)c(F)1)C(O)C(O)O9)(c1ccc2ccccc2c1)([O@](C)[Si]([CH3])([CH3])[CH3])*,1,train,999
734,*[Ni@](C9=N(CC(C)C)C(C)=C(C)N(c1ccc(Cl)cc1)9)(c1ccc2ccccc2c1)([O@](C)[Si]([CH3])([CH3])[CH3])*,1,train,999
660,*[Ni@](C9=N(c1cc(C(F)(F)F)cc(C(F)(F)F)c1)C(OC(C)C)=C(OC(C)C)O9)(c1ccc2ccccc2c1)([O@](C)[Si]([CH3])([CH3])[CH3])*,1,train,999
255,*[Ni@](C9=N(CCC)C(O)=C(O)N(c1ccccc(c2ccccc2)1)9)(c1ccc2ccccc2c1)([O@](C)[Si]([CH3])([CH3])[CH3])*,1,train,999
1203,*[Ni@](P(C1OC=CC=1)(CCC(=O)N)c1ccc(C(F)(F)F)cc1)(c1ccc2ccccc2c1)([O@](C)[Si]([CH3])([CH3])[CH3])*,0,train,999
762,*[Ni@](C9=N(CCCCC)C(O)C(O)N(N(C(C)C)C(C)C)9)(c1ccc2ccccc2c1)([O@](C)[Si]([CH3])([CH3])[CH3])*,1,train,999
39,*[Ni@](C9=N(C1CCC1)C(Cl)=C(Cl)N(c1cc(C(C)(C)C)ccc1)9)(c1ccc2ccccc2c1)([O@](C)[Si]([CH3])([CH3])[CH3])*,1,train,999
1314,*[Ni@](P(Cc1ncccc1)(Cc1ncccc1)Cc1ncccc1)(c1ccc2ccccc2c1)([O@](C)[Si]([CH3])([CH3])[CH3])*,1,train,999
897,*[Ni@](P(C12CC3CC(C1)CC(C3)C2)(c1ccc(N(C)C)cc1)c1ccc(N(C)C)cc1)(c1ccc2ccccc2c1)([O@](C)[Si]([CH3])([CH3])[CH3])*,0,train,999
1277,*[Ni@](P(N1C=CC=CC=C1)(N1C=CC=CC=C1)N1C=CC=CC=C1)(c1ccc2ccccc2c1)([O@](C)[Si]([CH3])([CH3])[CH3])*,1,train,999
919,*[Ni@](P(c1c(C)cccc1)(c1c(C)cccc1)Cc1ccccc1)(c1ccc2ccccc2c1)([O@](C)[Si]([CH3])([CH3])[CH3])*,1,train,999
1118,*[Ni@](P(C(C)OC)(c1cc(C(F)(F)F)cc(C(F)(F)F)c1)c1c(Cl)c(Cl)c(Cl)c(Cl)c(Cl)1)(c1ccc2ccccc2c1)([O@](C)[Si]([CH3])([CH3])[CH3])*,0,train,999
248,*[Ni@](C9=N(C(c1ccccc1)c2ccccc2)C(F)C(F)N(CCO)9)(c1ccc2ccccc2c1)([O@](C)[Si]([CH3])([CH3])[CH3])*,1,train,999
954,*[Ni@](P(c1ccc(C)cc1)(c1ccc(C(F)(F)F)cc1)c1c(Cl)c(Cl)c(Cl)c(Cl)c(Cl)1)(c1ccc2ccccc2c1)([O@](C)[Si]([CH3])([CH3])[CH3])*,0,train,999
133,*[Ni@](C9=N(c1cc(C)cc(C)c1)C1CCCCC1N(c1cc(C)cc(C)c1)9)(c1ccc2ccccc2c1)([O@](C)[Si]([CH3])([CH3])[CH3])*,1,train,999
1404,*[Ni@](P(C(C)(C)C)(c1ccc(N(C)C)cc1)Cc1ncccc1)(c1ccc2ccccc2c1)([O@](C)[Si]([CH3])([CH3])[CH3])*,0,train,999
519,*[Ni@](C9=N(CCOCC)N1C=CC=C1N(CCOCC)9)(c1ccc2ccccc2c1)([O@](C)[Si]([CH3])([CH3])[CH3])*,1,train,999
36,*[Ni@](C9=N(C1CCC1)C=CN(C1CCC1)9)(c1ccc2ccccc2c1)([O@](C)[Si]([CH3])([CH3])[CH3])*,1,train,999
466,*[Ni@](C9=N(CO)C(C(F)(F)F)C(C(F)(F)F)N(C(=O)c1c2ccccc2ccc1)9)(c1ccc2ccccc2c1)([O@](C)[Si]([CH3])([CH3])[CH3])*,0,train,999
369,*[Ni@](C9=N(N1CCC1)C1C2=CC=CC(=C23)C=CC=C3C=1O9)(c1ccc2ccccc2c1)([O@](C)[Si]([CH3])([CH3])[CH3])*,1,train,999
1018,*[Ni@](P(c1ccc(C(C)(C)C)cc1)(c1ccc(C(C)(C)C)cc1)OC)(c1ccc2ccccc2c1)([O@](C)[Si]([CH3])([CH3])[CH3])*,0,train,999
423,*[Ni@](C9=N(Nc1ccccc1)N1C=CC=C1N(Nc1ccccc1)9)(c1ccc2ccccc2c1)([O@](C)[Si]([CH3])([CH3])[CH3])*,1,train,999
968,*[Ni@](P(CC)(CCCCCC)c1ccc(C)cc1)(c1ccc2ccccc2c1)([O@](C)[Si]([CH3])([CH3])[CH3])*,0,train,999
143,*[Ni@](C9=N(CC)C1C=CN(C)C=1N(CC)9)(c1ccc2ccccc2c1)([O@](C)[Si]([CH3])([CH3])[CH3])*,1,train,999
371,*[Ni@](C9=N(N1CCC1)C(OC)=C(OC)S9)(c1ccc2ccccc2c1)([O@](C)[Si]([CH3])([CH3])[CH3])*,1,train,999
1408,*[Ni@](P(C(C)(C)C)(C(C)(C)C)C(C)(C)C)(c1ccc2ccccc2c1)([O@](C)[Si]([CH3])([CH3])[CH3])*,0,train,999
451,*[Ni@](C9=N(Nc1ccccc1)C1C=CN(C)C=1N(C(=O)c1c2ccccc2ccc1)9)(c1ccc2ccccc2c1)([O@](C)[Si]([CH3])([CH3])[CH3])*,1,train,999
779,*[Ni@](P([H])(C)C(C)CC)(c1ccc2ccccc2c1)([O@](C)[Si]([CH3])([CH3])[CH3])*,0,train,999
943,*[Ni@](P(c1ccc(C)cc1)(c1ccc(C)cc1)c1ccc(C)cc1)(c1ccc2ccccc2c1)([O@](C)[Si]([CH3])([CH3])[CH3])*,0,train,999
802,*[Ni@](P(CCCCCC)(CCCCCC)CCCCCC)(c1ccc2ccccc2c1)([O@](C)[Si]([CH3])([CH3])[CH3])*,0,train,999
157,*[Ni@](C9=N(c1c(C(C)C)cccc1)C(OC)=C(OC)N(B1CCCC1)9)(c1ccc2ccccc2c1)([O@](C)[Si]([CH3])([CH3])[CH3])*,0,train,999
450,*[Ni@](C9=N(Nc1ccccc1)C(C(C)C)C(C(C)C)N(C(=O)c1c2ccccc2ccc1)9)(c1ccc2ccccc2c1)([O@](C)[Si]([CH3])([CH3])[CH3])*,0,train,999
1240,*[Ni@](P(N)(c1ccc(C(F)(F)F)cc1)c1c(F)c(F)c(F)c(F)c(F)1)(c1ccc2ccccc2c1)([O@](C)[Si]([CH3])([CH3])[CH3])*,0,train,999
913,*[Ni@](P(c1ccccc1)(C(=O)c1c2ccccc2ccc1)C(=O)c1c2ccccc2ccc1)(c1ccc2ccccc2c1)([O@](C)[Si]([CH3])([CH3])[CH3])*,0,train,999
1161,*[Ni@](P(CCC)(C(C)(C)C)C(=O)c1c2ccccc2ccc1)(c1ccc2ccccc2c1)([O@](C)[Si]([CH3])([CH3])[CH3])*,0,train,999
303,*[Ni@](C9=N(CCC)C(C(Cl)(Cl)Cl)=C(C(Cl)(Cl)Cl)S9)(c1ccc2ccccc2c1)([O@](C)[Si]([CH3])([CH3])[CH3])*,1,train,999
275,*[Ni@](C9=N(c1cc(N(C)C)ccc1)C(C)=C(C)S9)(c1ccc2ccccc2c1)([O@](C)[Si]([CH3])([CH3])[CH3])*,1,train,999
1308,*[Ni@](P(c1ncccc1)(c1ncccc1)c1ncccc1)(c1ccc2ccccc2c1)([O@](C)[Si]([CH3])([CH3])[CH3])*,0,train,999
879,*[Ni@](P(C1CCCCC1)(C1CCCCC1)c1ccc(C)cc1)(c1ccc2ccccc2c1)([O@](C)[Si]([CH3])([CH3])[CH3])*,0,train,999
741,*[Ni@](C9=N(CC(C)C)N=CN(B1CCCC1)9)(c1ccc2ccccc2c1)([O@](C)[Si]([CH3])([CH3])[CH3])*,1,train,999
164,*[Ni@](C9=N(c1cc(C(C)C)ccc1)C=CN(c1cc(C(C)C)ccc1)9)(c1ccc2ccccc2c1)([O@](C)[Si]([CH3])([CH3])[CH3])*,1,train,999
1343,*[Ni@](P(c1ccc(C(F)(F)F)cc1)(c1ccc(C(Cl)(Cl)Cl)cc1)c1c(F)c(F)c(F)c(F)c(F)1)(c1ccc2ccccc2c1)([O@](C)[Si]([CH3])([CH3])[CH3])*,0,train,999
491,*[Ni@](C9=N(CCCO)C(F)C(F)S9)(c1ccc2ccccc2c1)([O@](C)[Si]([CH3])([CH3])[CH3])*,1,train,999
1316,*[Ni@](P(Cc1ncccc1)(c1ccc(Cl)cc1)c1c(F)c(F)c(F)c(F)c(F)1)(c1ccc2ccccc2c1)([O@](C)[Si]([CH3])([CH3])[CH3])*,1,train,999
390,*[Ni@](C9=N(N1CCCCC1)C(=O)C(=O)N(CCO)9)(c1ccc2ccccc2c1)([O@](C)[Si]([CH3])([CH3])[CH3])*,1,train,999
380,*[Ni@](C9=N(N1CCCC1)C1C=COC=1N(N1CCCC1)9)(c1ccc2ccccc2c1)([O@](C)[Si]([CH3])([CH3])[CH3])*,1,train,999
1219,*[Ni@](P(C(=O)c1c(C)cc(C)cc(C)1)(c1ccc(C(Cl)(Cl)Cl)cc1)C(O)C(Cl)(Cl)Cl)(c1ccc2ccccc2c1)([O@](C)[Si]([CH3])([CH3])[CH3])*,0,train,999
720,*[Ni@](C9=N(B1CCCC1)C(C(Cl)(Cl)Cl)=C(C(Cl)(Cl)Cl)O9)(c1ccc2ccccc2c1)([O@](C)[Si]([CH3])([CH3])[CH3])*,1,train,999
364,*[Ni@](C9=N(N1CCC1)C(C(C)C)C(C(C)C)N(CCO)9)(c1ccc2ccccc2c1)([O@](C)[Si]([CH3])([CH3])[CH3])*,0,train,999
962,*[Ni@](P(c1cc(C)cc(C)c1)(C(C)OC)N)(c1ccc2ccccc2c1)([O@](C)[Si]([CH3])([CH3])[CH3])*,1,train,999
290,*[Ni@](C9=N(Cc1c(C#N)cccc1)C(OC(C)C)=C(OC(C)C)N(Nc1ccccc1)9)(c1ccc2ccccc2c1)([O@](C)[Si]([CH3])([CH3])[CH3])*,1,train,999
969,*[Ni@](P(CC)(C1CC1)C12CC3CC(C1)CC(C3)C2)(c1ccc2ccccc2c1)([O@](C)[Si]([CH3])([CH3])[CH3])*,0,train,999
415,*[Ni@](C9=N(C(C)C)C(Cl)=C(Cl)S9)(c1ccc2ccccc2c1)([O@](C)[Si]([CH3])([CH3])[CH3])*,1,train,999
110,*[Ni@](C9=N(c1cc(C)ccc1)C1C=CN(C)C=1S9)(c1ccc2ccccc2c1)([O@](C)[Si]([CH3])([CH3])[CH3])*,1,train,999
933,*[Ni@](P(c1cc(C)ccc1)(c1cc(C)ccc1)COC)(c1ccc2ccccc2c1)([O@](C)[Si]([CH3])([CH3])[CH3])*,0,train,999
1064,*[Ni@](P(CO)(CCO)C1=CC=CN(c2ccccc2)1)(c1ccc2ccccc2c1)([O@](C)[Si]([CH3])([CH3])[CH3])*,0,train,999
1095,*[Ni@](P(OC)(c1c(F)c(F)c(F)c(F)c(F)1)[Si]([CH3])([CH3])[CH3])(c1ccc2ccccc2c1)([O@](C)[Si]([CH3])([CH3])[CH3])*,0,train,999
852,*[Ni@](P(C)(c1cc(C(C)(C)C)ccc1)c1cc(C(C)(C)C)ccc1)(c1ccc2ccccc2c1)([O@](C)[Si]([CH3])([CH3])[CH3])*,0,train,999
944,*[Ni@](P(c1ccc(C)cc1)(c1ccc(C)cc1)CCO)(c1ccc2ccccc2c1)([O@](C)[Si]([CH3])([CH3])[CH3])*,0,train,999
64,*[Ni@](C9=N(C12CC3CC(C1)CC(C3)C2)CCN(COC)9)(c1ccc2ccccc2c1)([O@](C)[Si]([CH3])([CH3])[CH3])*,0,train,999
818,*[Ni@](P(C)(C)C)(c1ccc2ccccc2c1)([O@](C)[Si]([CH3])([CH3])[CH3])*,0,train,999
287,*[Ni@](C9=N(Cc1c(C#N)cccc1)C1C=CN(C)C=1N(Cc1c(C#N)cccc1)9)(c1ccc2ccccc2c1)([O@](C)[Si]([CH3])([CH3])[CH3])*,1,train,999
253,*[Ni@](C9=N(C(c1ccccc1)c2ccccc2)C(C)=C(C)S9)(c1ccc2ccccc2c1)([O@](C)[Si]([CH3])([CH3])[CH3])*,1,train,999
793,*[Ni@](P([H])(CCC)c1c(OC)cccc1)(c1ccc2ccccc2c1)([O@](C)[Si]([CH3])([CH3])[CH3])*,0,train,999
965,*[Ni@](P(c1cc(C)cc(C)c1)(c1cc(N(C)C)ccc1)c1cc(N(C)C)ccc1)(c1ccc2ccccc2c1)([O@](C)[Si]([CH3])([CH3])[CH3])*,0,train,999
758,*[Ni@](C9=N(CCCCC)C(O)=C(O)N(C1CCC1)9)(c1ccc2ccccc2c1)([O@](C)[Si]([CH3])([CH3])[CH3])*,1,train,999
1043,*[Ni@](P(Cc1ccccc1)(Cc1ccccc1)Cc1ccccc1)(c1ccc2ccccc2c1)([O@](C)[Si]([CH3])([CH3])[CH3])*,0,train,999
964,*[Ni@](P(c1cc(C)cc(C)c1)(N(CC)CC)c1cc(C(F)(F)F)cc(C(F)(F)F)c1)(c1ccc2ccccc2c1)([O@](C)[Si]([CH3])([CH3])[CH3])*,0,train,999
888,*[Ni@](P(C)(CCCC)c1cc(C(C)C)ccc1)(c1ccc2ccccc2c1)([O@](C)[Si]([CH3])([CH3])[CH3])*,0,train,999
111,*[Ni@](C9=N(c1ccc(C)cc1)C(F)=C(F)N(c1ccc(C)cc1)9)(c1ccc2ccccc2c1)([O@](C)[Si]([CH3])([CH3])[CH3])*,1,train,999
320,*[Ni@](C9=N(Cc1ncccc1)C(=O)C(=O)S9)(c1ccc2ccccc2c1)([O@](C)[Si]([CH3])([CH3])[CH3])*,1,train,999
704,*[Ni@](C9=N(B1CCC1)CCN(B1CCC1)9)(c1ccc2ccccc2c1)([O@](C)[Si]([CH3])([CH3])[CH3])*,1,train,999
152,*[Ni@](C9=N(CC)C(OC(C)C)=C(OC(C)C)N(c1cc(N(C)C)ccc1)9)(c1ccc2ccccc2c1)([O@](C)[Si]([CH3])([CH3])[CH3])*,0,train,999
67,*[Ni@](C9=N(C12CC3CC(C1)CC(C3)C2)C(OC(C)C)=C(OC(C)C)O9)(c1ccc2ccccc2c1)([O@](C)[Si]([CH3])([CH3])[CH3])*,1,train,999
1071,*[Ni@](P(CO)(c1ccc(C(F)(F)F)cc1)c1ccc(C(Cl)(Cl)Cl)cc1)(c1ccc2ccccc2c1)([O@](C)[Si]([CH3])([CH3])[CH3])*,1,train,999
776,*[Ni@](P([H])(C1CCCC1)C1OC=CC=1)(c1ccc2ccccc2c1)([O@](C)[Si]([CH3])([CH3])[CH3])*,0,train,999
1049,*[Ni@](P(Cc1ccccc1)(C(=O)c1ccccc1)C(=O)c1c2ccccc2ccc1)(c1ccc2ccccc2c1)([O@](C)[Si]([CH3])([CH3])[CH3])*,0,train,999
643,*[Ni@](C9=N(c1ccc(C(Cl)(Cl)Cl)cc1)C(Cl)C(Cl)N(c1ccc(C(Cl)(Cl)Cl)cc1)9)(c1ccc2ccccc2c1)([O@](C)[Si]([CH3])([CH3])[CH3])*,1,train,999
322,*[Ni@](C9=N(N)C(OC(C)C)=C(OC(C)C)N(N)9)(c1ccc2ccccc2c1)([O@](C)[Si]([CH3])([CH3])[CH3])*,1,train,999
1235,*[Ni@](P(N)(N)N)(c1ccc2ccccc2c1)([O@](C)[Si]([CH3])([CH3])[CH3])*,0,train,999
429,*[Ni@](C9=N(Nc1ccccc1)C1CCCCC1N(COC)9)(c1ccc2ccccc2c1)([O@](C)[Si]([CH3])([CH3])[CH3])*,1,train,999
130,*[Ni@](C9=N(c1c(C)cccc(C)1)C1C=COC=1S9)(c1ccc2ccccc2c1)([O@](C)[Si]([CH3])([CH3])[CH3])*,1,train,999
650,*[Ni@](C9=N(c1ccc(C(Cl)(Cl)Cl)cc1)C(O)C(O)S9)(c1ccc2ccccc2c1)([O@](C)[Si]([CH3])([CH3])[CH3])*,1,train,999
731,*[Ni@](C9=N(B1CCCCC1)c1ccccc1S9)(c1ccc2ccccc2c1)([O@](C)[Si]([CH3])([CH3])[CH3])*,1,train,999
50,*[Ni@](C9=N(C1CCCC1)N1CCCCC1N(c1cc(C)ccc1)9)(c1ccc2ccccc2c1)([O@](C)[Si]([CH3])([CH3])[CH3])*,0,train,999
565,*[Ni@](C9=N(c1cc(C)c(OC)c(C)c1)C(Cl)=C(Cl)O9)(c1ccc2ccccc2c1)([O@](C)[Si]([CH3])([CH3])[CH3])*,1,train,999
1045,*[Ni@](P(Cc1ccccc1)(Cc1ccccc1)N1C=CC=CC=C1)(c1ccc2ccccc2c1)([O@](C)[Si]([CH3])([CH3])[CH3])*,0,train,999
410,*[Ni@](C9=N(N=Cc1ccc(OC)cc1)C(F)C(F)N(N=Cc1ccc(OC)cc1)9)(c1ccc2ccccc2c1)([O@](C)[Si]([CH3])([CH3])[CH3])*,0,train,999
711,*[Ni@](C9=N(B1CCC1)C(C(F)(F)F)=C(C(F)(F)F)O9)(c1ccc2ccccc2c1)([O@](C)[Si]([CH3])([CH3])[CH3])*,1,train,999
175,*[Ni@](C9=N(c1ccc(C(C)C)cc1)C(O)C(O)N(c1ccc(C(C)C)cc1)9)(c1ccc2ccccc2c1)([O@](C)[Si]([CH3])([CH3])[CH3])*,1,train,999
674,*[Ni@](C9=N(c1c(F)c(F)c(F)c(F)c(F)1)C(Cl)=C(Cl)S9)(c1ccc2ccccc2c1)([O@](C)[Si]([CH3])([CH3])[CH3])*,1,train,999
952,*[Ni@](P(C)(CCCCC)N1C=CC=CC=C1)(c1ccc2ccccc2c1)([O@](C)[Si]([CH3])([CH3])[CH3])*,0,train,999
778,*[Ni@](P([H])(C12CC3CC(C1)CC(C3)C2)c1cc(C(C)C)ccc1)(c1ccc2ccccc2c1)([O@](C)[Si]([CH3])([CH3])[CH3])*,0,train,999
895,*[Ni@](P(C12CC3CC(C1)CC(C3)C2)(N1CCCCC1)c1ccc(Cl)cc1)(c1ccc2ccccc2c1)([O@](C)[Si]([CH3])([CH3])[CH3])*,0,train,999
937,*[Ni@](P(c1cc(C)ccc1)(c1cc(C)c(OC)c(C)c1)c1cc(C)c(OC)c(C)c1)(c1ccc2ccccc2c1)([O@](C)[Si]([CH3])([CH3])[CH3])*,0,train,999
1009,*[Ni@](P(c1cc(C(C)(C)C)ccc1)(COC)COC)(c1ccc2ccccc2c1)([O@](C)[Si]([CH3])([CH3])[CH3])*,0,train,999
323,*[Ni@](C9=N(N)N1C=CC=C1N(N)9)(c1ccc2ccccc2c1)([O@](C)[Si]([CH3])([CH3])[CH3])*,1,train,999
1234,*[Ni@](P(C(C)C)(C(C)CC)OC(C)C)(c1ccc2ccccc2c1)([O@](C)[Si]([CH3])([CH3])[CH3])*,0,train,999
173,*[Ni@](C9=N(c1ccc(C(C)C)cc1)N=CN(c1ccc(C(C)C)cc1)9)(c1ccc2ccccc2c1)([O@](C)[Si]([CH3])([CH3])[CH3])*,1,train,999
79,*[Ni@](C9=N(c1ccccc1)N1CCCCC1S9)(c1ccc2ccccc2c1)([O@](C)[Si]([CH3])([CH3])[CH3])*,1,train,999
821,*[Ni@](P(C1CC1)(c1ccccc1)CCCO)(c1ccc2ccccc2c1)([O@](C)[Si]([CH3])([CH3])[CH3])*,0,train,999
1069,*[Ni@](P(CO)(C(=O)c1c(C)cc(C)cc(C)1)c1c(F)c(F)c(F)c(F)c(F)1)(c1ccc2ccccc2c1)([O@](C)[Si]([CH3])([CH3])[CH3])*,0,train,999
1132,*[Ni@](P(CCC)(C(C)C)C(C)CC)(c1ccc2ccccc2c1)([O@](C)[Si]([CH3])([CH3])[CH3])*,0,train,999
873,*[Ni@](P(C)(CCC)C(C)C)(c1ccc2ccccc2c1)([O@](C)[Si]([CH3])([CH3])[CH3])*,1,train,999
354,*[Ni@](C9=N(N(C(C)C)C(C)C)C1C=COC=1O9)(c1ccc2ccccc2c1)([O@](C)[Si]([CH3])([CH3])[CH3])*,1,train,999
666,*[Ni@](C9=N(c1c(F)c(F)c(F)c(F)c(F)1)C(C(C)C)=C(C(C)C)N(c1c(F)c(F)c(F)c(F)c(F)1)9)(c1ccc2ccccc2c1)([O@](C)[Si]([CH3])([CH3])[CH3])*,1,train,999
761,*[Ni@](C9=N(CCCCC)C1C2=CC=CC(=C23)C=CC=C3C=1N(c1ncccc1)9)(c1ccc2ccccc2c1)([O@](C)[Si]([CH3])([CH3])[CH3])*,1,train,999
204,*[Ni@](C9=N(CC)C(C(C)C)C(C(C)C)N(C(C)(C)C)9)(c1ccc2ccccc2c1)([O@](C)[Si]([CH3])([CH3])[CH3])*,1,train,999
616,*[Ni@](C9=N(c1ccc(F)cc1)C(OC)=C(OC)S9)(c1ccc2ccccc2c1)([O@](C)[Si]([CH3])([CH3])[CH3])*,1,train,999
938,*[Ni@](P(c1cc(C)ccc1)(c1cc(C)c(OC)c(C)c1)C(=O)c1c2ccccc2ccc1)(c1ccc2ccccc2c1)([O@](C)[Si]([CH3])([CH3])[CH3])*,0,train,999
76,*[Ni@](C9=N(c1ccccc1)C(OC)C(OC)N(N)9)(c1ccc2ccccc2c1)([O@](C)[Si]([CH3])([CH3])[CH3])*,1,train,999
1256,*[Ni@](P(N1CCCC1)(N1CCCC1)N1CCCC1)(c1ccc2ccccc2c1)([O@](C)[Si]([CH3])([CH3])[CH3])*,0,train,999
1098,*[Ni@](P(COC)(COC)COC)(c1ccc2ccccc2c1)([O@](C)[Si]([CH3])([CH3])[CH3])*,0,train,999
669,*[Ni@](C9=N(c1c(F)c(F)c(F)c(F)c(F)1)C1C2=CC=CC(=C23)C=CC=C3C=1N(c1c(F)c(F)c(F)c(F)c(F)1)9)(c1ccc2ccccc2c1)([O@](C)[Si]([CH3])([CH3])[CH3])*,1,train,999
1245,*[Ni@](P(N(C)C)(c1ccc(C(Cl)(Cl)Cl)cc1)[Si]([CH3])([CH3])[CH3])(c1ccc2ccccc2c1)([O@](C)[Si]([CH3])([CH3])[CH3])*,0,train,999
1155,*[Ni@](P(c1c(OC)cccc1)(N1C=CC=CC=C1)C(O)C(Cl)(Cl)Cl)(c1ccc2ccccc2c1)([O@](C)[Si]([CH3])([CH3])[CH3])*,0,train,999
580,*[Ni@](C9=N(C(=O)c1ccccc1)C(Cl)C(Cl)N(c1ccc(Cl)cc1)9)(c1ccc2ccccc2c1)([O@](C)[Si]([CH3])([CH3])[CH3])*,1,train,999
764,*[Ni@](C9=N(CCCCC)C(Cl)C(Cl)O9)(c1ccc2ccccc2c1)([O@](C)[Si]([CH3])([CH3])[CH3])*,1,train,999
311,*[Ni@](C9=N(Cc1ncccc1)CCN(Cc1ncccc1)9)(c1ccc2ccccc2c1)([O@](C)[Si]([CH3])([CH3])[CH3])*,1,train,999
549,*[Ni@](C9=N(c1ccc(OC)cc1)C1C2=CC=CC(=C23)C=CC=C3C=1N(c1ccc(OC)cc1)9)(c1ccc2ccccc2c1)([O@](C)[Si]([CH3])([CH3])[CH3])*,1,train,999
233,*[Ni@](C9=N(c1ccccc(c2ccccc2)1)C1C2=CC=CC(=C23)C=CC=C3C=1N(c1ccccc(c2ccccc2)1)9)(c1ccc2ccccc2c1)([O@](C)[Si]([CH3])([CH3])[CH3])*,0,train,999
96,*[Ni@](C9=N(c1c(C)cccc1)C1CCCCCC=1O9)(c1ccc2ccccc2c1)([O@](C)[Si]([CH3])([CH3])[CH3])*,1,train,999
646,*[Ni@](C9=N(c1ccc(C(Cl)(Cl)Cl)cc1)N1C=CC=C1O9)(c1ccc2ccccc2c1)([O@](C)[Si]([CH3])([CH3])[CH3])*,1,train,999
853,*[Ni@](P(C1CCC1)(COC)c1ccc(OC)cc1)(c1ccc2ccccc2c1)([O@](C)[Si]([CH3])([CH3])[CH3])*,0,train,999
1054,*[Ni@](P(O)(O)O)(c1ccc2ccccc2c1)([O@](C)[Si]([CH3])([CH3])[CH3])*,0,train,999
1078,*[Ni@](P(CCO)(c1cc(OC)ccc1)OCc1ccccc1)(c1ccc2ccccc2c1)([O@](C)[Si]([CH3])([CH3])[CH3])*,0,train,999
1378,*[Ni@](P(CC(C)C)(c1c(C)cccc1)c1c(C)cccc1)(c1ccc2ccccc2c1)([O@](C)[Si]([CH3])([CH3])[CH3])*,0,train,999
992,*[Ni@](P(CC)(c1cc(C(C)(C)C)ccc1)OC)(c1ccc2ccccc2c1)([O@](C)[Si]([CH3])([CH3])[CH3])*,0,train,999
156,*[Ni@](C9=N(c1c(C(C)C)cccc1)C(O)=C(O)N(B1CC1)9)(c1ccc2ccccc2c1)([O@](C)[Si]([CH3])([CH3])[CH3])*,1,train,999
426,*[Ni@](C9=N(Nc1ccccc1)C(O)=C(O)N(COC)9)(c1ccc2ccccc2c1)([O@](C)[Si]([CH3])([CH3])[CH3])*,1,train,999
1267,*[Ni@](P(N1CCCCC1)(c1cc(C(F)(F)F)cc(C(F)(F)F)c1)c1c(F)c(F)c(F)c(F)c(F)1)(c1ccc2ccccc2c1)([O@](C)[Si]([CH3])([CH3])[CH3])*,0,train,999
1020,*[Ni@](P(c1ccc(C(C)(C)C)cc1)(OCC)OCC)(c1ccc2ccccc2c1)([O@](C)[Si]([CH3])([CH3])[CH3])*,0,train,999
1247,*[Ni@](P(N(C)C)(c1cc(C(F)(F)F)cc(C(F)(F)F)c1)c1c(Cl)c(Cl)c(Cl)c(Cl)c(Cl)1)(c1ccc2ccccc2c1)([O@](C)[Si]([CH3])([CH3])[CH3])*,0,train,999
1284,*[Ni@](P(CCC(=O)N)(CCC(=O)N)c1c(F)c(F)c(F)c(F)c(F)1)(c1ccc2ccccc2c1)([O@](C)[Si]([CH3])([CH3])[CH3])*,0,train,999
478,*[Ni@](C9=N(CCO)C(F)C(F)N(B1CCC1)9)(c1ccc2ccccc2c1)([O@](C)[Si]([CH3])([CH3])[CH3])*,1,train,999
1290,*[Ni@](P(CCCC)(CCCC)C(=O)c1ccccc1)(c1ccc2ccccc2c1)([O@](C)[Si]([CH3])([CH3])[CH3])*,0,train,999
978,*[Ni@](P(c1cc(C(C)C)ccc1)(CCOCC)Cc1ncccc1)(c1ccc2ccccc2c1)([O@](C)[Si]([CH3])([CH3])[CH3])*,0,train,999
535,*[Ni@](C9=N(c1c(OC)cccc1)N=CS9)(c1ccc2ccccc2c1)([O@](C)[Si]([CH3])([CH3])[CH3])*,1,train,999
132,*[Ni@](C9=N(c1cc(C)cc(C)c1)C(=O)C(=O)N(c1cc(C)cc(C)c1)9)(c1ccc2ccccc2c1)([O@](C)[Si]([CH3])([CH3])[CH3])*,1,train,999
383,*[Ni@](C9=N(N1CCCC1)C(OC)=C(OC)O9)(c1ccc2ccccc2c1)([O@](C)[Si]([CH3])([CH3])[CH3])*,1,train,999
899,*[Ni@](P(C)(C(C)CC)C1CCCCC1)(c1ccc2ccccc2c1)([O@](C)[Si]([CH3])([CH3])[CH3])*,0,train,999
784,*[Ni@](P([H])(CC)CCO)(c1ccc2ccccc2c1)([O@](C)[Si]([CH3])([CH3])[CH3])*,0,train,999
1272,*[Ni@](P(C1=CC=CN(c2ccccc2)1)(C1=CC=CN(c2ccccc2)1)[Si]([CH3])([CH3])[CH3])(c1ccc2ccccc2c1)([O@](C)[Si]([CH3])([CH3])[CH3])*,0,train,999
438,*[Ni@](C9=N(Nc1ccccc1)C(C)=C(C)N(c1cc(OC)ccc1)9)(c1ccc2ccccc2c1)([O@](C)[Si]([CH3])([CH3])[CH3])*,1,train,999
1360,*[Ni@](P(c1c(Cl)c(Cl)c(Cl)c(Cl)c(Cl)1)(c1c(Cl)c(Cl)c(Cl)c(Cl)c(Cl)1)C(O)C(Cl)(Cl)Cl)(c1ccc2ccccc2c1)([O@](C)[Si]([CH3])([CH3])[CH3])*,0,train,999
997,*[Ni@](P(c1ccc(C(C)C)cc1)(c1ccc(F)cc1)c1ccc(C(F)(F)F)cc1)(c1ccc2ccccc2c1)([O@](C)[Si]([CH3])([CH3])[CH3])*,0,train,999
631,*[Ni@](C9=N(c1ccc(C(F)(F)F)cc1)C1C=COC=1N(B)9)(c1ccc2ccccc2c1)([O@](C)[Si]([CH3])([CH3])[CH3])*,1,train,999
1222,*[Ni@](P(C(C)C)(N1CCCC1)N1C=CC=CC=C1)(c1ccc2ccccc2c1)([O@](C)[Si]([CH3])([CH3])[CH3])*,0,train,999
1082,*[Ni@](P(CCO)(N(CC)CC)c1ccc(C(Cl)(Cl)Cl)cc1)(c1ccc2ccccc2c1)([O@](C)[Si]([CH3])([CH3])[CH3])*,0,train,999
930,*[Ni@](P(C)(CC(C)C)c1c(Cl)c(Cl)c(Cl)c(Cl)c(Cl)1)(c1ccc2ccccc2c1)([O@](C)[Si]([CH3])([CH3])[CH3])*,0,train,999
1205,*[Ni@](P(C1OC=CC=1)(c1ccc(C(Cl)(Cl)Cl)cc1)[Si]([CH3])([CH3])[CH3])(c1ccc2ccccc2c1)([O@](C)[Si]([CH3])([CH3])[CH3])*,0,train,999
283,*[Ni@](C9=N(c1ccc(N(C)C)cc1)C(C)C(C)S9)(c1ccc2ccccc2c1)([O@](C)[Si]([CH3])([CH3])[CH3])*,1,train,999
900,*[Ni@](P(c1ccccc1)(c1ccccc1)c1ccccc1)(c1ccc2ccccc2c1)([O@](C)[Si]([CH3])([CH3])[CH3])*,0,train,999
48,*[Ni@](C9=N(C1CCCC1)c1ccccc1N(C1CCCC1)9)(c1ccc2ccccc2c1)([O@](C)[Si]([CH3])([CH3])[CH3])*,1,train,999
456,*[Ni@](C9=N(Nc1ccccc1)C=CN(C(=O)c1c2ccccc2ccc1)9)(c1ccc2ccccc2c1)([O@](C)[Si]([CH3])([CH3])[CH3])*,1,train,999
55,*[Ni@](C9=N(C)C1N(C)C(=O)N(C)C(=O)C=1N(N1CCCCC1)9)(c1ccc2ccccc2c1)([O@](C)[Si]([CH3])([CH3])[CH3])*,1,train,999
829,*[Ni@](P(C1CC1)(O)CCO)(c1ccc2ccccc2c1)([O@](C)[Si]([CH3])([CH3])[CH3])*,0,train,999
1207,*[Ni@](P(C(C)C)(CCCO)N(CC)CC)(c1ccc2ccccc2c1)([O@](C)[Si]([CH3])([CH3])[CH3])*,0,train,999
162,*[Ni@](C9=N(CC)C(C)=C(C)N(Cc1ncccc1)9)(c1ccc2ccccc2c1)([O@](C)[Si]([CH3])([CH3])[CH3])*,1,train,999
1330,*[Ni@](P(c1ccc(Cl)cc1)(C(O)C(Cl)(Cl)Cl)[Si]([CH3])([CH3])[CH3])(c1ccc2ccccc2c1)([O@](C)[Si]([CH3])([CH3])[CH3])*,0,train,999
907,*[Ni@](P(c1ccccc1)(Cc1ccccc1)Cc1ccccc1)(c1ccc2ccccc2c1)([O@](C)[Si]([CH3])([CH3])[CH3])*,0,train,999
394,*[Ni@](C9=N(N1CCCCC1)C1C=CN(C)C=1O9)(c1ccc2ccccc2c1)([O@](C)[Si]([CH3])([CH3])[CH3])*,1,train,999
603,*[Ni@](C9=N(C(=O)c1c2ccccc2ccc1)C(C)C(C)O9)(c1ccc2ccccc2c1)([O@](C)[Si]([CH3])([CH3])[CH3])*,1,train,999
1351,*[Ni@](P(c1cc(C(F)(F)F)cc(C(F)(F)F)c1)(c1c(F)c(F)c(F)c(F)c(F)1)c1c(F)c(F)c(F)c(F)c(F)1)(c1ccc2ccccc2c1)([O@](C)[Si]([CH3])([CH3])[CH3])*,0,train,999
1070,*[Ni@](P(CO)(Cc1ncccc1)Cc1ncccc1)(c1ccc2ccccc2c1)([O@](C)[Si]([CH3])([CH3])[CH3])*,0,train,999
1065,*[Ni@](P(CO)(OC)c1ncccc1)(c1ccc2ccccc2c1)([O@](C)[Si]([CH3])([CH3])[CH3])*,1,train,999
0,*[Ni@](C9=N([H])C(C(C)C)=C(C(C)C)N([H])9)(c1ccc2ccccc2c1)([O@](C)[Si]([CH3])([CH3])[CH3])*,0,train,999
1013,*[Ni@](P(c1cc(C(C)(C)C)ccc1)(C(=O)c1ccccc1)N1CCCC1)(c1ccc2ccccc2c1)([O@](C)[Si]([CH3])([CH3])[CH3])*,1,train,999
277,*[Ni@](C9=N(c1ccc(N(C)C)cc1)C1C=COC=1N(c1ccc(N(C)C)cc1)9)(c1ccc2ccccc2c1)([O@](C)[Si]([CH3])([CH3])[CH3])*,1,train,999
665,*[Ni@](C9=N(c1cc(C(F)(F)F)cc(C(F)(F)F)c1)C(OC)C(OC)S9)(c1ccc2ccccc2c1)([O@](C)[Si]([CH3])([CH3])[CH3])*,1,train,999
953,*[Ni@](P(c1ccc(C)cc1)(CCC(=O)N)CCC(=O)N)(c1ccc2ccccc2c1)([O@](C)[Si]([CH3])([CH3])[CH3])*,0,train,999
75,*[Ni@](C9=N(c1ccccc1)C1C=COC=1N(c1ncccc1)9)(c1ccc2ccccc2c1)([O@](C)[Si]([CH3])([CH3])[CH3])*,1,train,999
846,*[Ni@](P(C)(CC)CC)(c1ccc2ccccc2c1)([O@](C)[Si]([CH3])([CH3])[CH3])*,0,train,999
16,*[Ni@](C9=N(CCCCCC)C(C)C(C)N(c1ccc(OC)cc1)9)(c1ccc2ccccc2c1)([O@](C)[Si]([CH3])([CH3])[CH3])*,0,train,999
302,*[Ni@](C9=N(CCC)C(C(Cl)(Cl)Cl)=C(C(Cl)(Cl)Cl)O9)(c1ccc2ccccc2c1)([O@](C)[Si]([CH3])([CH3])[CH3])*,1,train,999
1148,*[Ni@](P(CCC)(CC(C)C)c1cc(C(C)(C)C)ccc1)(c1ccc2ccccc2c1)([O@](C)[Si]([CH3])([CH3])[CH3])*,1,train,999
686,*[Ni@](C9=N(B)C1N(C)C(=O)N(C)C(=O)C=1N(B)9)(c1ccc2ccccc2c1)([O@](C)[Si]([CH3])([CH3])[CH3])*,1,train,999
136,*[Ni@](C9=N(CC)C(Cl)=C(Cl)N(c1c(C)cccc1)9)(c1ccc2ccccc2c1)([O@](C)[Si]([CH3])([CH3])[CH3])*,0,train,999
504,*[Ni@](C9=N(C(C)OC)C1CCCCC1N(C(C)OC)9)(c1ccc2ccccc2c1)([O@](C)[Si]([CH3])([CH3])[CH3])*,0,train,999
1392,*[Ni@](P(C(C)(C)C)(c1c(C)cccc1)N)(c1ccc2ccccc2c1)([O@](C)[Si]([CH3])([CH3])[CH3])*,0,train,999
343,*[Ni@](C9=N(N(CC)CC)c1ccccc1N(N(CC)CC)9)(c1ccc2ccccc2c1)([O@](C)[Si]([CH3])([CH3])[CH3])*,0,train,999
353,*[Ni@](C9=N(N(C(C)C)C(C)C)CCN(c1ccc(C(F)(F)F)cc1)9)(c1ccc2ccccc2c1)([O@](C)[Si]([CH3])([CH3])[CH3])*,1,train,999
1008,*[Ni@](P(CC)(CCC)CCC)(c1ccc2ccccc2c1)([O@](C)[Si]([CH3])([CH3])[CH3])*,1,train,999
1012,*[Ni@](P(CC)(CCC)c1cc(C)c(OC)c(C)c1)(c1ccc2ccccc2c1)([O@](C)[Si]([CH3])([CH3])[CH3])*,0,train,999
579,*[Ni@](C9=N(C(=O)c1ccccc1)C1C=CN(C)C=1N(C(=O)c1ccccc1)9)(c1ccc2ccccc2c1)([O@](C)[Si]([CH3])([CH3])[CH3])*,1,train,999
218,*[Ni@](C9=N(c1c2ccccc2ccc1)C(OC(C)C)=C(OC(C)C)O9)(c1ccc2ccccc2c1)([O@](C)[Si]([CH3])([CH3])[CH3])*,1,train,999
1138,*[Ni@](P(CCC)(c1cc(N(C)C)ccc1)c1cc(N(C)C)ccc1)(c1ccc2ccccc2c1)([O@](C)[Si]([CH3])([CH3])[CH3])*,0,train,999
435,*[Ni@](C9=N(Nc1ccccc1)C(C(C)C)C(C(C)C)N(COC)9)(c1ccc2ccccc2c1)([O@](C)[Si]([CH3])([CH3])[CH3])*,1,train,999
412,*[Ni@](C9=N(C(C)C)C(F)=C(F)O9)(c1ccc2ccccc2c1)([O@](C)[Si]([CH3])([CH3])[CH3])*,1,train,999
806,*[Ni@](P(CCCCCC)(C1CCCCC1)C1CCCCC1)(c1ccc2ccccc2c1)([O@](C)[Si]([CH3])([CH3])[CH3])*,0,train,999
537,*[Ni@](C9=N(c1cc(OC)ccc1)C(O)C(O)N(c1cc(OC)ccc1)9)(c1ccc2ccccc2c1)([O@](C)[Si]([CH3])([CH3])[CH3])*,1,train,999
187,*[Ni@](C9=N(c1c(C(C)(C)C)cccc1)C(C)C(C)N(Cc1c(C#N)cccc1)9)(c1ccc2ccccc2c1)([O@](C)[Si]([CH3])([CH3])[CH3])*,0,train,999
1236,*[Ni@](P(N)(N)N1C=CC=CC=C1)(c1ccc2ccccc2c1)([O@](C)[Si]([CH3])([CH3])[CH3])*,0,train,999
896,*[Ni@](P(C)(CCCC)CCC(=O)N)(c1ccc2ccccc2c1)([O@](C)[Si]([CH3])([CH3])[CH3])*,0,train,999
212,*[Ni@](C9=N(c1ccc(C(C)(C)C)cc1)C(Cl)C(Cl)S9)(c1ccc2ccccc2c1)([O@](C)[Si]([CH3])([CH3])[CH3])*,1,train,999
295,*[Ni@](C9=N(Cc1c(C#N)cccc1)C(Cl)C(Cl)S9)(c1ccc2ccccc2c1)([O@](C)[Si]([CH3])([CH3])[CH3])*,1,train,999
1334,*[Ni@](P(C(C)CC)(C1CC1)COC)(c1ccc2ccccc2c1)([O@](C)[Si]([CH3])([CH3])[CH3])*,0,train,999
357,*[Ni@](C9=N(N(C(C)C)C(C)C)C(Cl)C(Cl)S9)(c1ccc2ccccc2c1)([O@](C)[Si]([CH3])([CH3])[CH3])*,0,train,999
1223,*[Ni@](P(C(C)C)(CCCC)c1ccc(C(C)(C)C)cc1)(c1ccc2ccccc2c1)([O@](C)[Si]([CH3])([CH3])[CH3])*,0,train,999
467,*[Ni@](C9=N(CO)C(OC)C(OC)O9)(c1ccc2ccccc2c1)([O@](C)[Si]([CH3])([CH3])[CH3])*,1,train,999
337,*[Ni@](C9=N(N(C)C)C(C(Cl)(Cl)Cl)=C(C(Cl)(Cl)Cl)N(B1CC1)9)(c1ccc2ccccc2c1)([O@](C)[Si]([CH3])([CH3])[CH3])*,0,train,999
1309,*[Ni@](P(c1ncccc1)(c1ncccc1)c1ccc(Cl)cc1)(c1ccc2ccccc2c1)([O@](C)[Si]([CH3])([CH3])[CH3])*,0,train,999
659,*[Ni@](C9=N(c1cc(C(F)(F)F)cc(C(F)(F)F)c1)C1C=COC=1N(B1CC1)9)(c1ccc2ccccc2c1)([O@](C)[Si]([CH3])([CH3])[CH3])*,1,train,999
836,*[Ni@](P(C1CC1)(c1c(Cl)c(Cl)c(Cl)c(Cl)c(Cl)1)[Si]([CH3])([CH3])[CH3])(c1ccc2ccccc2c1)([O@](C)[Si]([CH3])([CH3])[CH3])*,0,train,999
293,*[Ni@](C9=N(Cc1c(C#N)cccc1)c1ccccc1O9)(c1ccc2ccccc2c1)([O@](C)[Si]([CH3])([CH3])[CH3])*,1,train,999
564,*[Ni@](C9=N(c1cc(C)c(OC)c(C)c1)CCN(B1CC1)9)(c1ccc2ccccc2c1)([O@](C)[Si]([CH3])([CH3])[CH3])*,1,train,999
1304,*[Ni@](P(c1ccc(N(C)C)cc1)(c1ncccc1)c1ccc(C(F)(F)F)cc1)(c1ccc2ccccc2c1)([O@](C)[Si]([CH3])([CH3])[CH3])*,0,train,999
391,*[Ni@](C9=N(N1CCCCC1)C1N(C)C(=O)N(C)C(=O)C=1N(CCO)9)(c1ccc2ccccc2c1)([O@](C)[Si]([CH3])([CH3])[CH3])*,1,train,999
685,*[Ni@](C9=N(B)c1ccccc1N(B)9)(c1ccc2ccccc2c1)([O@](C)[Si]([CH3])([CH3])[CH3])*,1,train,999
559,*[Ni@](C9=N(c1cc(C)c(OC)c(C)c1)CCN(c1cc(C)c(OC)c(C)c1)9)(c1ccc2ccccc2c1)([O@](C)[Si]([CH3])([CH3])[CH3])*,1,train,999
929,*[Ni@](P(c1c(C)cccc1)(c1ccc(C(Cl)(Cl)Cl)cc1)c1ccc(C(Cl)(Cl)Cl)cc1)(c1ccc2ccccc2c1)([O@](C)[Si]([CH3])([CH3])[CH3])*,0,train,999
59,*[Ni@](C9=N(C1CCCCC1)C(C(C)C)=C(C(C)C)S9)(c1ccc2ccccc2c1)([O@](C)[Si]([CH3])([CH3])[CH3])*,0,train,999
1159,*[Ni@](P(c1cc(OC)ccc1)(c1cc(OC)ccc1)C(=O)c1ccccc1)(c1ccc2ccccc2c1)([O@](C)[Si]([CH3])([CH3])[CH3])*,0,train,999
313,*[Ni@](C9=N(Cc1ncccc1)C(O)C(O)N(Cc1ncccc1)9)(c1ccc2ccccc2c1)([O@](C)[Si]([CH3])([CH3])[CH3])*,1,train,999
780,*[Ni@](P([H])(C)CC(C)C)(c1ccc2ccccc2c1)([O@](C)[Si]([CH3])([CH3])[CH3])*,0,train,999
716,*[Ni@](C9=N(B1CCCC1)N1C=CC=C1N(B1CCCC1)9)(c1ccc2ccccc2c1)([O@](C)[Si]([CH3])([CH3])[CH3])*,0,train,999
1201,*[Ni@](P(C1OC=CC=1)(N(CC)CC)Cc1ncccc1)(c1ccc2ccccc2c1)([O@](C)[Si]([CH3])([CH3])[CH3])*,0,train,999
811,*[Ni@](P(CCCCCC)(OCC)OCC)(c1ccc2ccccc2c1)([O@](C)[Si]([CH3])([CH3])[CH3])*,0,train,999
188,*[Ni@](C9=N(c1c(C(C)(C)C)cccc1)C(Cl)C(Cl)N(CCO)9)(c1ccc2ccccc2c1)([O@](C)[Si]([CH3])([CH3])[CH3])*,1,train,999
328,*[Ni@](C9=N(N)C1CCCCC1O9)(c1ccc2ccccc2c1)([O@](C)[Si]([CH3])([CH3])[CH3])*,1,train,999
914,*[Ni@](P(c1ccccc1)(N)N)(c1ccc2ccccc2c1)([O@](C)[Si]([CH3])([CH3])[CH3])*,1,train,999
817,*[Ni@](P(C1CC1)(C1CC1)N)(c1ccc2ccccc2c1)([O@](C)[Si]([CH3])([CH3])[CH3])*,0,train,999
1100,*[Ni@](P(COC)(COC)C1=CC=CN(c2ccccc2)1)(c1ccc2ccccc2c1)([O@](C)[Si]([CH3])([CH3])[CH3])*,0,train,999
1269,*[Ni@](P(CCCC)(c1cc(C)cc(C)c1)C(=O)c1c2ccccc2ccc1)(c1ccc2ccccc2c1)([O@](C)[Si]([CH3])([CH3])[CH3])*,0,train,999
47,*[Ni@](C9=N(C1CCCC1)C(=O)C(=O)N(C1CCCC1)9)(c1ccc2ccccc2c1)([O@](C)[Si]([CH3])([CH3])[CH3])*,1,train,999
1385,*[Ni@](P(CC(C)C)(c1ccc(Cl)cc1)c1c(Cl)c(Cl)c(Cl)c(Cl)c(Cl)1)(c1ccc2ccccc2c1)([O@](C)[Si]([CH3])([CH3])[CH3])*,0,train,999
215,*[Ni@](C9=N(c1c2ccccc2ccc1)c1ccccc1N(c1c2ccccc2ccc1)9)(c1ccc2ccccc2c1)([O@](C)[Si]([CH3])([CH3])[CH3])*,1,train,999
278,*[Ni@](C9=N(c1ccc(N(C)C)cc1)C1N(C)C(=O)N(C)C(=O)C=1N(c1ccc(N(C)C)cc1)9)(c1ccc2ccccc2c1)([O@](C)[Si]([CH3])([CH3])[CH3])*,1,train,999
228,*[Ni@](C9=N(Cc1ccccc1)c1ccccc1N(C1=CC=CO1)9)(c1ccc2ccccc2c1)([O@](C)[Si]([CH3])([CH3])[CH3])*,1,train,999
1361,*[Ni@](P(c1c(Cl)c(Cl)c(Cl)c(Cl)c(Cl)1)(c1c(Cl)c(Cl)c(Cl)c(Cl)c(Cl)1)[Si]([CH3])([CH3])[CH3])(c1ccc2ccccc2c1)([O@](C)[Si]([CH3])([CH3])[CH3])*,0,train,999
44,*[Ni@](C9=N(C1CCC1)C(O)C(O)O9)(c1ccc2ccccc2c1)([O@](C)[Si]([CH3])([CH3])[CH3])*,1,train,999
945,*[Ni@](P(c1ccc(C)cc1)(c1ccc(C)cc1)c1c(Cl)c(Cl)c(Cl)c(Cl)c(Cl)1)(c1ccc2ccccc2c1)([O@](C)[Si]([CH3])([CH3])[CH3])*,0,train,999
1319,*[Ni@](P(Cc1ncccc1)(C(O)C(Cl)(Cl)Cl)[Si]([CH3])([CH3])[CH3])(c1ccc2ccccc2c1)([O@](C)[Si]([CH3])([CH3])[CH3])*,0,train,999
552,*[Ni@](C9=N(CCCC)C(O)C(O)S9)(c1ccc2ccccc2c1)([O@](C)[Si]([CH3])([CH3])[CH3])*,1,train,999
1305,*[Ni@](P(CCCC)(C(C)CC)C(C)CC)(c1ccc2ccccc2c1)([O@](C)[Si]([CH3])([CH3])[CH3])*,0,train,999
795,*[Ni@](P([H])(C(C)C)C(C)C)(c1ccc2ccccc2c1)([O@](C)[Si]([CH3])([CH3])[CH3])*,0,train,999
1103,*[Ni@](P(COC)(N1CCCCC1)c1ccc(N(C)C)cc1)(c1ccc2ccccc2c1)([O@](C)[Si]([CH3])([CH3])[CH3])*,1,train,999
573,*[Ni@](C9=N(C1=CC=CO1)C1N(C)C(=O)N(C)C(=O)C=1N(c1ccc(C(F)(F)F)cc1)9)(c1ccc2ccccc2c1)([O@](C)[Si]([CH3])([CH3])[CH3])*,1,train,999
657,*[Ni@](C9=N(c1cc(C(F)(F)F)cc(C(F)(F)F)c1)N=CN(c1cc(C(F)(F)F)cc(C(F)(F)F)c1)9)(c1ccc2ccccc2c1)([O@](C)[Si]([CH3])([CH3])[CH3])*,1,train,999
857,*[Ni@](P(C)(c1ccc(C(C)(C)C)cc1)c1ccc(N(C)C)cc1)(c1ccc2ccccc2c1)([O@](C)[Si]([CH3])([CH3])[CH3])*,0,train,999
321,*[Ni@](C9=N(N)C(OC)=C(OC)N(N)9)(c1ccc2ccccc2c1)([O@](C)[Si]([CH3])([CH3])[CH3])*,1,train,999
571,*[Ni@](C9=N(C1=CC=CO1)C(OC)C(OC)N(C1=CC=CO1)9)(c1ccc2ccccc2c1)([O@](C)[Si]([CH3])([CH3])[CH3])*,1,train,999
126,*[Ni@](C9=N(c1c(C)cccc(C)1)C1C2=CC=CC(=C23)C=CC=C3C=1N(C(=O)c1c2ccccc2ccc1)9)(c1ccc2ccccc2c1)([O@](C)[Si]([CH3])([CH3])[CH3])*,1,train,999
658,*[Ni@](C9=N(c1cc(C(F)(F)F)cc(C(F)(F)F)c1)C(O)C(O)N(c1cc(C(F)(F)F)cc(C(F)(F)F)c1)9)(c1ccc2ccccc2c1)([O@](C)[Si]([CH3])([CH3])[CH3])*,1,train,999
700,*[Ni@](C9=N(B1CC1)C(C)=C(C)O9)(c1ccc2ccccc2c1)([O@](C)[Si]([CH3])([CH3])[CH3])*,1,train,999
392,*[Ni@](C9=N(C(C)C)C(C(C)C)=C(C(C)C)N(c1c(OC)cccc1)9)(c1ccc2ccccc2c1)([O@](C)[Si]([CH3])([CH3])[CH3])*,0,train,999
131,*[Ni@](C9=N(c1cc(C)cc(C)c1)C(O)=C(O)N(c1cc(C)cc(C)c1)9)(c1ccc2ccccc2c1)([O@](C)[Si]([CH3])([CH3])[CH3])*,1,train,999
717,*[Ni@](C9=N(B1CCCC1)C(C)=C(C)N(B1CCCC1)9)(c1ccc2ccccc2c1)([O@](C)[Si]([CH3])([CH3])[CH3])*,1,train,999
747,*[Ni@](C9=N(C(C)(C)C)N1C=CC=C1N(Cc1ncccc1)9)(c1ccc2ccccc2c1)([O@](C)[Si]([CH3])([CH3])[CH3])*,0,train,999
61,*[Ni@](C9=N(C12CC3CC(C1)CC(C3)C2)C(C(F)(F)F)C(C(F)(F)F)N(c1cc(C)cc(C)c1)9)(c1ccc2ccccc2c1)([O@](C)[Si]([CH3])([CH3])[CH3])*,0,train,999
956,*[Ni@](P(c1cc(C)cc(C)c1)(c1cc(C)cc(C)c1)c1cc(C)cc(C)c1)(c1ccc2ccccc2c1)([O@](C)[Si]([CH3])([CH3])[CH3])*,0,train,999
1246,*[Ni@](P(N(C)C)(c1cc(C(F)(F)F)cc(C(F)(F)F)c1)c1c(F)c(F)c(F)c(F)c(F)1)(c1ccc2ccccc2c1)([O@](C)[Si]([CH3])([CH3])[CH3])*,0,train,999
935,*[Ni@](P(c1cc(C)ccc1)(c1cc(C)cc(C)c1)CO)(c1ccc2ccccc2c1)([O@](C)[Si]([CH3])([CH3])[CH3])*,0,train,999
344,*[Ni@](C9=N(N(CC)CC)C(OC)C(OC)N(N(CC)CC)9)(c1ccc2ccccc2c1)([O@](C)[Si]([CH3])([CH3])[CH3])*,0,train,999
799,*[Ni@](P([H])(C(C)CC)C(C)(C)C)(c1ccc2ccccc2c1)([O@](C)[Si]([CH3])([CH3])[CH3])*,0,train,999
932,*[Ni@](P(c1cc(C)ccc1)(c1cc(C)ccc1)c1cc(C)ccc1)(c1ccc2ccccc2c1)([O@](C)[Si]([CH3])([CH3])[CH3])*,0,train,999
1252,*[Ni@](P(N(CC)CC)(c1ncccc1)c1ccc(F)cc1)(c1ccc2ccccc2c1)([O@](C)[Si]([CH3])([CH3])[CH3])*,0,train,999
533,*[Ni@](C9=N(c1c(OC)cccc1)C1N(C)C(=O)N(C)C(=O)C=1O9)(c1ccc2ccccc2c1)([O@](C)[Si]([CH3])([CH3])[CH3])*,1,train,999
621,*[Ni@](C9=N(c1ccc(Cl)cc1)C(F)C(F)N(c1ccc(Cl)cc1)9)(c1ccc2ccccc2c1)([O@](C)[Si]([CH3])([CH3])[CH3])*,1,train,999
280,*[Ni@](C9=N(c1ccc(N(C)C)cc1)N=CN(B1CCCCC1)9)(c1ccc2ccccc2c1)([O@](C)[Si]([CH3])([CH3])[CH3])*,1,train,999
814,*[Ni@](P(CCCCCC)(C(O)C(Cl)(Cl)Cl)[Si]([CH3])([CH3])[CH3])(c1ccc2ccccc2c1)([O@](C)[Si]([CH3])([CH3])[CH3])*,0,train,999
976,*[Ni@](P(c1cc(C(C)C)ccc1)(O)CCC(=O)N)(c1ccc2ccccc2c1)([O@](C)[Si]([CH3])([CH3])[CH3])*,1,train,999
940,*[Ni@](P(c1cc(C)ccc1)(N1C=CC=CC=C1)[Si]([CH3])([CH3])[CH3])(c1ccc2ccccc2c1)([O@](C)[Si]([CH3])([CH3])[CH3])*,0,train,999
176,*[Ni@](C9=N(c1ccc(C(C)C)cc1)C(C(F)(F)F)C(C(F)(F)F)N(c1ccc(C(C)C)cc1)9)(c1ccc2ccccc2c1)([O@](C)[Si]([CH3])([CH3])[CH3])*,1,train,999
805,*[Ni@](P(CCCCCC)(C1CCC1)c1ccc(C(Cl)(Cl)Cl)cc1)(c1ccc2ccccc2c1)([O@](C)[Si]([CH3])([CH3])[CH3])*,0,train,999
101,*[Ni@](C9=N(c1cc(C)ccc1)C1C(=O)CCC(=O)C1N(c1ccc(C)cc1)9)(c1ccc2ccccc2c1)([O@](C)[Si]([CH3])([CH3])[CH3])*,1,train,999
62,*[Ni@](C9=N(C12CC3CC(C1)CC(C3)C2)CCN(c1cc(C(C)(C)C)ccc1)9)(c1ccc2ccccc2c1)([O@](C)[Si]([CH3])([CH3])[CH3])*,0,train,999
1414,*[Ni@](P(CCCCC)(c1ccc(C(C)C)cc1)c1ccc(C(C)C)cc1)(c1ccc2ccccc2c1)([O@](C)[Si]([CH3])([CH3])[CH3])*,0,train,999
1086,*[Ni@](P(CCCO)(COC)Cc1ncccc1)(c1ccc2ccccc2c1)([O@](C)[Si]([CH3])([CH3])[CH3])*,0,train,999
1157,*[Ni@](P(c1cc(OC)ccc1)(c1cc(OC)ccc1)c1cc(OC)ccc1)(c1ccc2ccccc2c1)([O@](C)[Si]([CH3])([CH3])[CH3])*,0,train,999
1190,*[Ni@](P(OCc1ccccc1)(OCc1ccccc1)C(=O)c1c(C)cc(C)cc(C)1)(c1ccc2ccccc2c1)([O@](C)[Si]([CH3])([CH3])[CH3])*,1,train,999
32,*[Ni@](C9=N(C1CC1)C(C)=C(C)S9)(c1ccc2ccccc2c1)([O@](C)[Si]([CH3])([CH3])[CH3])*,1,train,999
418,*[Ni@](C9=N(N=Cc1ccc(OC)cc1)C1C=COC=1O9)(c1ccc2ccccc2c1)([O@](C)[Si]([CH3])([CH3])[CH3])*,1,train,999
960,*[Ni@](P(c1cc(C)cc(C)c1)(OC)OC)(c1ccc2ccccc2c1)([O@](C)[Si]([CH3])([CH3])[CH3])*,0,train,999
787,*[Ni@](P([H])(c1c2ccccc2ccc1)c1c2ccccc2ccc1)(c1ccc2ccccc2c1)([O@](C)[Si]([CH3])([CH3])[CH3])*,0,train,999
56,*[Ni@](C9=N(C1CCCCC1)C(C(F)(F)F)C(C(F)(F)F)N(c1cc(C(F)(F)F)cc(C(F)(F)F)c1)9)(c1ccc2ccccc2c1)([O@](C)[Si]([CH3])([CH3])[CH3])*,1,train,999
458,*[Ni@](C9=N(Nc1ccccc1)C(OC)C(OC)O9)(c1ccc2ccccc2c1)([O@](C)[Si]([CH3])([CH3])[CH3])*,1,train,999
301,*[Ni@](C9=N(CCC)C(OC(C)C)=C(OC(C)C)O9)(c1ccc2ccccc2c1)([O@](C)[Si]([CH3])([CH3])[CH3])*,1,train,999
348,*[Ni@](C9=N(N(CC)CC)C1C2=CC=CC(=C23)C=CC=C3C=1O9)(c1ccc2ccccc2c1)([O@](C)[Si]([CH3])([CH3])[CH3])*,1,train,999
730,*[Ni@](C9=N(B1CCCCC1)C(C(Cl)(Cl)Cl)=C(C(Cl)(Cl)Cl)O9)(c1ccc2ccccc2c1)([O@](C)[Si]([CH3])([CH3])[CH3])*,1,train,999
1297,*[Ni@](P(c1cc(N(C)C)ccc1)(c1ccc(F)cc1)c1ccc(F)cc1)(c1ccc2ccccc2c1)([O@](C)[Si]([CH3])([CH3])[CH3])*,0,train,999
385,*[Ni@](C9=N(N1CCCC1)C(C(C)C)C(C(C)C)S9)(c1ccc2ccccc2c1)([O@](C)[Si]([CH3])([CH3])[CH3])*,1,train,999
1099,*[Ni@](P(COC)(COC)C(=O)c1c(C)cc(C)cc(C)1)(c1ccc2ccccc2c1)([O@](C)[Si]([CH3])([CH3])[CH3])*,0,train,999
119,*[Ni@](C9=N(c1ccc(C)cc1)N1CCCCC1O9)(c1ccc2ccccc2c1)([O@](C)[Si]([CH3])([CH3])[CH3])*,1,train,999
800,*[Ni@](P([H])(CC(C)C)c1cc(C)ccc1)(c1ccc2ccccc2c1)([O@](C)[Si]([CH3])([CH3])[CH3])*,0,train,999
8,*[Ni@](C9=N([H])C(Cl)=C(Cl)N(c1cc(C)ccc1)9)(c1ccc2ccccc2c1)([O@](C)[Si]([CH3])([CH3])[CH3])*,1,train,999
898,*[Ni@](P(C12CC3CC(C1)CC(C3)C2)(Cc1ncccc1)c1ccc(C(Cl)(Cl)Cl)cc1)(c1ccc2ccccc2c1)([O@](C)[Si]([CH3])([CH3])[CH3])*,0,train,999
562,*[Ni@](C9=N(c1cc(C)c(OC)c(C)c1)C=CN(c1cc(C)c(OC)c(C)c1)9)(c1ccc2ccccc2c1)([O@](C)[Si]([CH3])([CH3])[CH3])*,1,train,999
1173,*[Ni@](P(c1ccc(OC)cc1)(C1=CC=CN(c2ccccc2)1)c1cc(N(C)C)ccc1)(c1ccc2ccccc2c1)([O@](C)[Si]([CH3])([CH3])[CH3])*,0,train,999
347,*[Ni@](C9=N(N(CC)CC)C(OC)C(OC)N(B1CC1)9)(c1ccc2ccccc2c1)([O@](C)[Si]([CH3])([CH3])[CH3])*,1,train,999
238,*[Ni@](C9=N(c1ccccc(c2ccccc2)1)C1N(C)C(=O)N(C)C(=O)C=1N(B1CCCCC1)9)(c1ccc2ccccc2c1)([O@](C)[Si]([CH3])([CH3])[CH3])*,1,train,999
810,*[Ni@](P(CCCCCC)(COC)c1cc(N(C)C)ccc1)(c1ccc2ccccc2c1)([O@](C)[Si]([CH3])([CH3])[CH3])*,0,train,999
525,*[Ni@](C9=N(CCOCC)C1C(=O)CCC(=O)C1S9)(c1ccc2ccccc2c1)([O@](C)[Si]([CH3])([CH3])[CH3])*,1,train,999
306,*[Ni@](C9=N(c1ncccc1)C1C=CN(C)C=1O9)(c1ccc2ccccc2c1)([O@](C)[Si]([CH3])([CH3])[CH3])*,1,train,999
909,*[Ni@](P(c1ccccc1)(Cc1ccccc1)N(C)C)(c1ccc2ccccc2c1)([O@](C)[Si]([CH3])([CH3])[CH3])*,1,train,999
1268,*[Ni@](P(N1CCCCC1)([Si]([CH3])([CH3])[CH3])[Si]([CH3])([CH3])[CH3])(c1ccc2ccccc2c1)([O@](C)[Si]([CH3])([CH3])[CH3])*,0,train,999
1079,*[Ni@](P(CCO)(C1OC=CC=1)c1ccc(Cl)cc1)(c1ccc2ccccc2c1)([O@](C)[Si]([CH3])([CH3])[CH3])*,0,train,999
1142,*[Ni@](P(CCOCC)(CCOCC)N)(c1ccc2ccccc2c1)([O@](C)[Si]([CH3])([CH3])[CH3])*,1,train,999
395,*[Ni@](C9=N(N1CCCCC1)C(C)=C(C)O9)(c1ccc2ccccc2c1)([O@](C)[Si]([CH3])([CH3])[CH3])*,1,train,999
155,*[Ni@](C9=N(CC)C(=O)C(=O)N(Cc1c(C#N)cccc1)9)(c1ccc2ccccc2c1)([O@](C)[Si]([CH3])([CH3])[CH3])*,1,train,999
710,*[Ni@](C9=N(B1CCC1)C(C)C(C)O9)(c1ccc2ccccc2c1)([O@](C)[Si]([CH3])([CH3])[CH3])*,1,train,999
1322,*[Ni@](P(c1ccc(F)cc1)(c1ccc(F)cc1)c1c(Cl)c(Cl)c(Cl)c(Cl)c(Cl)1)(c1ccc2ccccc2c1)([O@](C)[Si]([CH3])([CH3])[CH3])*,0,train,999
1004,*[Ni@](P(CC)(COC)N(CC)CC)(c1ccc2ccccc2c1)([O@](C)[Si]([CH3])([CH3])[CH3])*,1,train,999
1341,*[Ni@](P(c1ccc(C(F)(F)F)cc1)(c1ccc(C(F)(F)F)cc1)c1c(F)c(F)c(F)c(F)c(F)1)(c1ccc2ccccc2c1)([O@](C)[Si]([CH3])([CH3])[CH3])*,0,train,999
472,*[Ni@](C9=N(CCO)C(Cl)=C(Cl)N(CCO)9)(c1ccc2ccccc2c1)([O@](C)[Si]([CH3])([CH3])[CH3])*,1,train,999
243,*[Ni@](C9=N(CCC)C1CCCCC1N(c1c(C)cccc(C)1)9)(c1ccc2ccccc2c1)([O@](C)[Si]([CH3])([CH3])[CH3])*,0,train,999
309,*[Ni@](C9=N(c1ncccc1)N1C=CC=C1S9)(c1ccc2ccccc2c1)([O@](C)[Si]([CH3])([CH3])[CH3])*,1,train,999
599,*[Ni@](C9=N(C(=O)c1c2ccccc2ccc1)C1C2=CC=CC(=C23)C=CC=C3C=1N(C(=O)c1c2ccccc2ccc1)9)(c1ccc2ccccc2c1)([O@](C)[Si]([CH3])([CH3])[CH3])*,1,train,999
58,*[Ni@](C9=N(C1CCCCC1)C(OC(C)C)=C(OC(C)C)O9)(c1ccc2ccccc2c1)([O@](C)[Si]([CH3])([CH3])[CH3])*,1,train,999
83,*[Ni@](C9=N(c1c(C)cccc1)C(C(F)(F)F)=C(C(F)(F)F)N(c1c(C)cccc1)9)(c1ccc2ccccc2c1)([O@](C)[Si]([CH3])([CH3])[CH3])*,0,train,999
981,*[Ni@](P(c1cc(C(C)C)ccc1)(CCC(=O)N)CCC(=O)N)(c1ccc2ccccc2c1)([O@](C)[Si]([CH3])([CH3])[CH3])*,0,train,999
906,*[Ni@](P(c1ccccc1)(c1c2ccccc2ccc1)C(=O)c1c2ccccc2ccc1)(c1ccc2ccccc2c1)([O@](C)[Si]([CH3])([CH3])[CH3])*,0,train,999
774,*[Ni@](P([H])(C)O)(c1ccc2ccccc2c1)([O@](C)[Si]([CH3])([CH3])[CH3])*,0,train,999
1243,*[Ni@](P(N(C)C)(N(C)C)N1CCCCC1)(c1ccc2ccccc2c1)([O@](C)[Si]([CH3])([CH3])[CH3])*,0,train,999
863,*[Ni@](P(C1CCC1)(c1ccc(C(Cl)(Cl)Cl)cc1)c1cc(C(F)(F)F)cc(C(F)(F)F)c1)(c1ccc2ccccc2c1)([O@](C)[Si]([CH3])([CH3])[CH3])*,0,train,999
144,*[Ni@](C9=N(CC)C1N(C)C(=O)N(C)C(=O)C=1N(CC)9)(c1ccc2ccccc2c1)([O@](C)[Si]([CH3])([CH3])[CH3])*,1,train,999
1206,*[Ni@](P(C(C)C)(CO)OC)(c1ccc2ccccc2c1)([O@](C)[Si]([CH3])([CH3])[CH3])*,0,train,999
69,*[Ni@](C9=N(C12CC3CC(C1)CC(C3)C2)C(F)C(F)S9)(c1ccc2ccccc2c1)([O@](C)[Si]([CH3])([CH3])[CH3])*,1,train,999
905,*[Ni@](P(c1ccccc1)(c1ccc(C(C)C)cc1)COC)(c1ccc2ccccc2c1)([O@](C)[Si]([CH3])([CH3])[CH3])*,0,train,999
114,*[Ni@](C9=N(c1ccc(C)cc1)C1N(C)C(=O)N(C)C(=O)C=1N(c1ccc(C)cc1)9)(c1ccc2ccccc2c1)([O@](C)[Si]([CH3])([CH3])[CH3])*,1,train,999
124,*[Ni@](C9=N(c1c(C)cccc(C)1)C=CN(c1c(C)cccc(C)1)9)(c1ccc2ccccc2c1)([O@](C)[Si]([CH3])([CH3])[CH3])*,0,train,999
379,*[Ni@](C9=N(N1CCCC1)C(C(F)(F)F)=C(C(F)(F)F)N(N1CCCC1)9)(c1ccc2ccccc2c1)([O@](C)[Si]([CH3])([CH3])[CH3])*,0,train,999
1271,*[Ni@](P(C1=CC=CN(c2ccccc2)1)(C1=CC=CN(c2ccccc2)1)c1c(Cl)c(Cl)c(Cl)c(Cl)c(Cl)1)(c1ccc2ccccc2c1)([O@](C)[Si]([CH3])([CH3])[CH3])*,0,train,999
317,*[Ni@](C9=N(Cc1ncccc1)C1C2=CC=CC(=C23)C=CC=C3C=1N(c1c(Cl)c(Cl)c(Cl)c(Cl)c(Cl)1)9)(c1ccc2ccccc2c1)([O@](C)[Si]([CH3])([CH3])[CH3])*,1,train,999
825,*[Ni@](P(C1CC1)(c1cc(C)cc(C)c1)N1CCCC1)(c1ccc2ccccc2c1)([O@](C)[Si]([CH3])([CH3])[CH3])*,0,train,999
120,*[Ni@](C9=N(c1ccc(C)cc1)C(F)C(F)O9)(c1ccc2ccccc2c1)([O@](C)[Si]([CH3])([CH3])[CH3])*,1,train,999
540,*[Ni@](C9=N(c1cc(OC)ccc1)C(Cl)C(Cl)N(c1c(F)c(F)c(F)c(F)c(F)1)9)(c1ccc2ccccc2c1)([O@](C)[Si]([CH3])([CH3])[CH3])*,1,train,999
705,*[Ni@](C9=N(B1CCC1)C(O)=C(O)N(B1CCC1)9)(c1ccc2ccccc2c1)([O@](C)[Si]([CH3])([CH3])[CH3])*,1,train,999
553,*[Ni@](C9=N(c1ccc(OC)cc1)C(C(C)C)=C(C(C)C)O9)(c1ccc2ccccc2c1)([O@](C)[Si]([CH3])([CH3])[CH3])*,1,train,999
1196,*[Ni@](P(C(C)C)(c1cc(C)ccc1)c1c2ccccc2ccc1)(c1ccc2ccccc2c1)([O@](C)[Si]([CH3])([CH3])[CH3])*,0,train,999
249,*[Ni@](C9=N(C(c1ccccc1)c2ccccc2)N1C=CC=C1N(B1CCCC1)9)(c1ccc2ccccc2c1)([O@](C)[Si]([CH3])([CH3])[CH3])*,0,train,999
192,*[Ni@](C9=N(c1cc(C(C)(C)C)ccc1)c1ccccc1N(c1cc(C(C)(C)C)ccc1)9)(c1ccc2ccccc2c1)([O@](C)[Si]([CH3])([CH3])[CH3])*,1,train,999
494,*[Ni@](C9=N(COC)C1N(C)C(=O)N(C)C(=O)C=1N(COC)9)(c1ccc2ccccc2c1)([O@](C)[Si]([CH3])([CH3])[CH3])*,1,train,999
1230,*[Ni@](P(C(=O)c1c2ccccc2ccc1)(c1cc(N(C)C)ccc1)c1ccc(C(Cl)(Cl)Cl)cc1)(c1ccc2ccccc2c1)([O@](C)[Si]([CH3])([CH3])[CH3])*,0,train,999
1153,*[Ni@](P(c1c(OC)cccc1)(c1cc(OC)ccc1)C1=CC=CN(c2ccccc2)1)(c1ccc2ccccc2c1)([O@](C)[Si]([CH3])([CH3])[CH3])*,0,train,999
1387,*[Ni@](P(CC(C)C)(CC(C)C)c1ccc(C(F)(F)F)cc1)(c1ccc2ccccc2c1)([O@](C)[Si]([CH3])([CH3])[CH3])*,0,train,999
828,*[Ni@](P(C1CC1)(c1cc(C(C)(C)C)ccc1)c1cc(C(C)(C)C)ccc1)(c1ccc2ccccc2c1)([O@](C)[Si]([CH3])([CH3])[CH3])*,0,train,999
1131,*[Ni@](P(OCC)(c1ccc(C(F)(F)F)cc1)C(O)C(Cl)(Cl)Cl)(c1ccc2ccccc2c1)([O@](C)[Si]([CH3])([CH3])[CH3])*,0,train,999
1039,*[Ni@](P(c1c2ccccc2ccc1)(c1cc(N(C)C)ccc1)c1ccc(Cl)cc1)(c1ccc2ccccc2c1)([O@](C)[Si]([CH3])([CH3])[CH3])*,1,train,999
286,*[Ni@](C9=N(Cc1c(C#N)cccc1)C(F)=C(F)N(Cc1c(C#N)cccc1)9)(c1ccc2ccccc2c1)([O@](C)[Si]([CH3])([CH3])[CH3])*,1,train,999
684,*[Ni@](C9=N(c1c(Cl)c(Cl)c(Cl)c(Cl)c(Cl)1)C(C(Cl)(Cl)Cl)=C(C(Cl)(Cl)Cl)S9)(c1ccc2ccccc2c1)([O@](C)[Si]([CH3])([CH3])[CH3])*,1,train,999
1139,*[Ni@](P(OC(C)C)(c1ccc(N(C)C)cc1)c1c(F)c(F)c(F)c(F)c(F)1)(c1ccc2ccccc2c1)([O@](C)[Si]([CH3])([CH3])[CH3])*,0,train,999
547,*[Ni@](C9=N(c1ccc(OC)cc1)C1C=COC=1N(c1ccc(OC)cc1)9)(c1ccc2ccccc2c1)([O@](C)[Si]([CH3])([CH3])[CH3])*,1,train,999
1183,*[Ni@](P(c1cc(C)c(OC)c(C)c1)(c1c(F)c(F)c(F)c(F)c(F)1)[Si]([CH3])([CH3])[CH3])(c1ccc2ccccc2c1)([O@](C)[Si]([CH3])([CH3])[CH3])*,0,train,999
52,*[Ni@](C9=N(C1CCCCC1)C1CCCCC1N(c1cc(C(C)C)ccc1)9)(c1ccc2ccccc2c1)([O@](C)[Si]([CH3])([CH3])[CH3])*,1,train,999
739,*[Ni@](C9=N(CC(C)C)C(=O)C(=O)N(CC(C)C)9)(c1ccc2ccccc2c1)([O@](C)[Si]([CH3])([CH3])[CH3])*,1,train,999
626,*[Ni@](C9=N(c1ccc(Cl)cc1)C(C)=C(C)S9)(c1ccc2ccccc2c1)([O@](C)[Si]([CH3])([CH3])[CH3])*,1,train,999
33,*[Ni@](C9=N(C1CCC1)C(O)=C(O)N(C1CCC1)9)(c1ccc2ccccc2c1)([O@](C)[Si]([CH3])([CH3])[CH3])*,1,train,999
338,*[Ni@](C9=N(N(C)C)CCO9)(c1ccc2ccccc2c1)([O@](C)[Si]([CH3])([CH3])[CH3])*,1,train,999
1040,*[Ni@](P(CC)(c1ccc(F)cc1)C(O)C(Cl)(Cl)Cl)(c1ccc2ccccc2c1)([O@](C)[Si]([CH3])([CH3])[CH3])*,0,train,999
840,*[Ni@](P(C1CCC1)(C1CCC1)C1CCC1)(c1ccc2ccccc2c1)([O@](C)[Si]([CH3])([CH3])[CH3])*,0,train,999
307,*[Ni@](C9=N(c1ncccc1)C(Cl)C(Cl)O9)(c1ccc2ccccc2c1)([O@](C)[Si]([CH3])([CH3])[CH3])*,1,train,999
93,*[Ni@](C9=N(C)C1C2=CC=CC(=C23)C=CC=C3C=1S9)(c1ccc2ccccc2c1)([O@](C)[Si]([CH3])([CH3])[CH3])*,1,train,999
699,*[Ni@](C9=N(B1CC1)C1C=CN(C)C=1O9)(c1ccc2ccccc2c1)([O@](C)[Si]([CH3])([CH3])[CH3])*,1,train,999
706,*[Ni@](C9=N(B1CCC1)C(C)C(C)N(B1CCC1)9)(c1ccc2ccccc2c1)([O@](C)[Si]([CH3])([CH3])[CH3])*,1,train,999
1384,*[Ni@](P(CC(C)C)(c1cc(N(C)C)ccc1)c1ncccc1)(c1ccc2ccccc2c1)([O@](C)[Si]([CH3])([CH3])[CH3])*,0,train,999
91,*[Ni@](C9=N(C)C1CCCCCC=1S9)(c1ccc2ccccc2c1)([O@](C)[Si]([CH3])([CH3])[CH3])*,1,train,999
1347,*[Ni@](P(C(C)CC)(CCCO)CCCO)(c1ccc2ccccc2c1)([O@](C)[Si]([CH3])([CH3])[CH3])*,0,train,999
436,*[Ni@](C9=N(Nc1ccccc1)C(O)C(O)N(COC)9)(c1ccc2ccccc2c1)([O@](C)[Si]([CH3])([CH3])[CH3])*,1,train,999
912,*[Ni@](P(c1ccccc1)(OCc1ccccc1)c1ccc(F)cc1)(c1ccc2ccccc2c1)([O@](C)[Si]([CH3])([CH3])[CH3])*,0,train,999
1146,*[Ni@](P(CCOCC)(c1c(Cl)c(Cl)c(Cl)c(Cl)c(Cl)1)[Si]([CH3])([CH3])[CH3])(c1ccc2ccccc2c1)([O@](C)[Si]([CH3])([CH3])[CH3])*,0,train,999
359,*[Ni@](C9=N(N1CCC1)CCN(N1CCC1)9)(c1ccc2ccccc2c1)([O@](C)[Si]([CH3])([CH3])[CH3])*,0,train,999
1194,*[Ni@](P(OCc1ccccc1)(Cc1ncccc1)[Si]([CH3])([CH3])[CH3])(c1ccc2ccccc2c1)([O@](C)[Si]([CH3])([CH3])[CH3])*,1,train,999
521,*[Ni@](C9=N(CCOCC)C1C=CN(C)C=1N(B)9)(c1ccc2ccccc2c1)([O@](C)[Si]([CH3])([CH3])[CH3])*,1,train,999
926,*[Ni@](P(c1c(C)cccc1)(c1ccc(F)cc1)c1ccc(Cl)cc1)(c1ccc2ccccc2c1)([O@](C)[Si]([CH3])([CH3])[CH3])*,0,train,999
88,*[Ni@](C9=N(C)C1C=CN(C)C=1O9)(c1ccc2ccccc2c1)([O@](C)[Si]([CH3])([CH3])[CH3])*,1,train,999
266,*[Ni@](C9=N(c1cc(N(C)C)ccc1)C(OC)=C(OC)N(c1cc(N(C)C)ccc1)9)(c1ccc2ccccc2c1)([O@](C)[Si]([CH3])([CH3])[CH3])*,0,train,999
400,*[Ni@](C9=N(N=Cc1ccccc1)C(O)C(O)N(c1ccc(F)cc1)9)(c1ccc2ccccc2c1)([O@](C)[Si]([CH3])([CH3])[CH3])*,1,train,999
1420,*[Ni@](P(CCCCC)(CCCCC)c1cc(C)cc(C)c1)(c1ccc2ccccc2c1)([O@](C)[Si]([CH3])([CH3])[CH3])*,0,train,999
1106,*[Ni@](P(COC)(c1c(Cl)c(Cl)c(Cl)c(Cl)c(Cl)1)[Si]([CH3])([CH3])[CH3])(c1ccc2ccccc2c1)([O@](C)[Si]([CH3])([CH3])[CH3])*,0,train,999
654,*[Ni@](C9=N(C(C)CC)C(O)C(O)S9)(c1ccc2ccccc2c1)([O@](C)[Si]([CH3])([CH3])[CH3])*,1,train,999
98,*[Ni@](C9=N(c1c(C)cccc1)C1C(=O)CCC(=O)C1S9)(c1ccc2ccccc2c1)([O@](C)[Si]([CH3])([CH3])[CH3])*,1,test,0
653,*[Ni@](C9=N(C(C)CC)C1C=CN(C)C=1S9)(c1ccc2ccccc2c1)([O@](C)[Si]([CH3])([CH3])[CH3])*,1,test,0
556,*[Ni@](C9=N(c1ccc(OC)cc1)CCS9)(c1ccc2ccccc2c1)([O@](C)[Si]([CH3])([CH3])[CH3])*,1,test,0
167,*[Ni@](C9=N(CC)C(Cl)=C(Cl)N(N=Cc1ccccc1)9)(c1ccc2ccccc2c1)([O@](C)[Si]([CH3])([CH3])[CH3])*,1,test,0
30,*[Ni@](C9=N(C1CC1)N1C=CC=C1O9)(c1ccc2ccccc2c1)([O@](C)[Si]([CH3])([CH3])[CH3])*,1,test,0
1337,*[Ni@](P(C(C)CC)(C12CC3CC(C1)CC(C3)C2)C12CC3CC(C1)CC(C3)C2)(c1ccc2ccccc2c1)([O@](C)[Si]([CH3])([CH3])[CH3])*,0,test,0
239,*[Ni@](C9=N(c1ccccc(c2ccccc2)1)C(C(F)(F)F)=C(C(F)(F)F)O9)(c1ccc2ccccc2c1)([O@](C)[Si]([CH3])([CH3])[CH3])*,1,test,0
473,*[Ni@](C9=N(CCO)C(C(F)(F)F)=C(C(F)(F)F)N(CCO)9)(c1ccc2ccccc2c1)([O@](C)[Si]([CH3])([CH3])[CH3])*,1,test,0
576,*[Ni@](C9=N(C1=CC=CO1)C(O)=C(O)S9)(c1ccc2ccccc2c1)([O@](C)[Si]([CH3])([CH3])[CH3])*,1,test,1
1216,*[Ni@](P(C(=O)c1c(C)cc(C)cc(C)1)(C(=O)c1c(C)cc(C)cc(C)1)C(=O)c1c(C)cc(C)cc(C)1)(c1ccc2ccccc2c1)([O@](C)[Si]([CH3])([CH3])[CH3])*,0,test,0
1185,*[Ni@](P(C(C)C)(CCCCCC)OC)(c1ccc2ccccc2c1)([O@](C)[Si]([CH3])([CH3])[CH3])*,0,test,0
1260,*[Ni@](P(N1CCCC1)(c1c(Cl)c(Cl)c(Cl)c(Cl)c(Cl)1)[Si]([CH3])([CH3])[CH3])(c1ccc2ccccc2c1)([O@](C)[Si]([CH3])([CH3])[CH3])*,0,test,0
195,*[Ni@](C9=N(c1cc(C(C)(C)C)ccc1)C(C(C)C)C(C(C)C)N(c1cc(N(C)C)ccc1)9)(c1ccc2ccccc2c1)([O@](C)[Si]([CH3])([CH3])[CH3])*,0,test,0
373,*[Ni@](C9=N(C(C)C)C(C(C)C)=C(C(C)C)N(C(C)C)9)(c1ccc2ccccc2c1)([O@](C)[Si]([CH3])([CH3])[CH3])*,0,test,0
1214,*[Ni@](P(C(C)C)(C(C)C)c1c(C)cccc1)(c1ccc2ccccc2c1)([O@](C)[Si]([CH3])([CH3])[CH3])*,0,test,0
995,*[Ni@](P(CC)(CC)N(CC)CC)(c1ccc2ccccc2c1)([O@](C)[Si]([CH3])([CH3])[CH3])*,0,test,0
1141,*[Ni@](P(CCC)(C(C)CC)c1ccc(C(C)C)cc1)(c1ccc2ccccc2c1)([O@](C)[Si]([CH3])([CH3])[CH3])*,0,test,0
1318,*[Ni@](P(Cc1ncccc1)(C(O)C(Cl)(Cl)Cl)C(O)C(Cl)(Cl)Cl)(c1ccc2ccccc2c1)([O@](C)[Si]([CH3])([CH3])[CH3])*,0,test,0
668,*[Ni@](C9=N(c1c(F)c(F)c(F)c(F)c(F)1)C1C=CN(C)C=1N(c1c(F)c(F)c(F)c(F)c(F)1)9)(c1ccc2ccccc2c1)([O@](C)[Si]([CH3])([CH3])[CH3])*,1,test,0
80,*[Ni@](C9=N(c1ccccc1)C(F)C(F)S9)(c1ccc2ccccc2c1)([O@](C)[Si]([CH3])([CH3])[CH3])*,1,test,0
804,*[Ni@](P(CCCCCC)(CCCCCC)C(=O)c1c(C)cc(C)cc(C)1)(c1ccc2ccccc2c1)([O@](C)[Si]([CH3])([CH3])[CH3])*,0,test,0
989,*[Ni@](P(c1ccc(C(C)C)cc1)(c1ccc(C(C)C)cc1)c1ncccc1)(c1ccc2ccccc2c1)([O@](C)[Si]([CH3])([CH3])[CH3])*,0,test,0
1169,*[Ni@](P(c1ccc(OC)cc1)(OCc1ccccc1)OCc1ccccc1)(c1ccc2ccccc2c1)([O@](C)[Si]([CH3])([CH3])[CH3])*,0,test,0
592,*[Ni@](C9=N(C(=O)c1c(C)cc(C)cc(C)1)C(C)=C(C)N(c1c(F)c(F)c(F)c(F)c(F)1)9)(c1ccc2ccccc2c1)([O@](C)[Si]([CH3])([CH3])[CH3])*,0,test,0
648,*[Ni@](C9=N(c1ccc(C(Cl)(Cl)Cl)cc1)C(C)=C(C)O9)(c1ccc2ccccc2c1)([O@](C)[Si]([CH3])([CH3])[CH3])*,1,test,0
1315,*[Ni@](P(Cc1ncccc1)(Cc1ncccc1)c1cc(C(F)(F)F)cc(C(F)(F)F)c1)(c1ccc2ccccc2c1)([O@](C)[Si]([CH3])([CH3])[CH3])*,0,test,0
92,*[Ni@](C9=N(c1c(C)cccc1)C1C2=CC=CC(=C23)C=CC=C3C=1N(C(=O)c1c2ccccc2ccc1)9)(c1ccc2ccccc2c1)([O@](C)[Si]([CH3])([CH3])[CH3])*,1,test,0
990,*[Ni@](P(CC)(c1ccc(C(C)C)cc1)c1cc(OC)ccc1)(c1ccc2ccccc2c1)([O@](C)[Si]([CH3])([CH3])[CH3])*,0,test,0
983,*[Ni@](P(CC)(c1ccc(C)cc1)c1ccc(C)cc1)(c1ccc2ccccc2c1)([O@](C)[Si]([CH3])([CH3])[CH3])*,0,test,0
1331,*[Ni@](P(C(C)CC)(CCCCCC)C1OC=CC=1)(c1ccc2ccccc2c1)([O@](C)[Si]([CH3])([CH3])[CH3])*,0,test,0
210,*[Ni@](C9=N(c1ccc(C(C)(C)C)cc1)C(OC(C)C)=C(OC(C)C)O9)(c1ccc2ccccc2c1)([O@](C)[Si]([CH3])([CH3])[CH3])*,1,test,0
1338,*[Ni@](P(C(C)CC)(C12CC3CC(C1)CC(C3)C2)Cc1ccccc1)(c1ccc2ccccc2c1)([O@](C)[Si]([CH3])([CH3])[CH3])*,0,test,0
1407,*[Ni@](P(C(C)(C)C)(C(C)(C)C)CCO)(c1ccc2ccccc2c1)([O@](C)[Si]([CH3])([CH3])[CH3])*,0,test,0
374,*[Ni@](C9=N(C(C)C)C1C=COC=1N(C(C)C)9)(c1ccc2ccccc2c1)([O@](C)[Si]([CH3])([CH3])[CH3])*,1,test,0
803,*[Ni@](P(CCCCCC)(CCCCCC)c1ccc(C)cc1)(c1ccc2ccccc2c1)([O@](C)[Si]([CH3])([CH3])[CH3])*,0,test,0
500,*[Ni@](C9=N(COC)C1CCCCC1O9)(c1ccc2ccccc2c1)([O@](C)[Si]([CH3])([CH3])[CH3])*,1,test,0
314,*[Ni@](C9=N(Cc1ncccc1)C(F)C(F)N(Cc1ncccc1)9)(c1ccc2ccccc2c1)([O@](C)[Si]([CH3])([CH3])[CH3])*,1,test,0
399,*[Ni@](C9=N(N=Cc1ccccc1)C(Cl)C(Cl)N(N=Cc1ccccc1)9)(c1ccc2ccccc2c1)([O@](C)[Si]([CH3])([CH3])[CH3])*,1,test,0
854,*[Ni@](P(C)(c1ccc(C(C)(C)C)cc1)CCOCC)(c1ccc2ccccc2c1)([O@](C)[Si]([CH3])([CH3])[CH3])*,0,test,0
355,*[Ni@](C9=N(N(C(C)C)C(C)C)C1C2=CC=CC(=C23)C=CC=C3C=1O9)(c1ccc2ccccc2c1)([O@](C)[Si]([CH3])([CH3])[CH3])*,1,test,0
545,*[Ni@](C9=N(c1cc(OC)ccc1)C(OC)C(OC)S9)(c1ccc2ccccc2c1)([O@](C)[Si]([CH3])([CH3])[CH3])*,1,test,0
121,*[Ni@](C9=N(c1ccc(C)cc1)C1CCCCC1S9)(c1ccc2ccccc2c1)([O@](C)[Si]([CH3])([CH3])[CH3])*,1,test,0
1107,*[Ni@](P(CCC)(CCC)CCC)(c1ccc2ccccc2c1)([O@](C)[Si]([CH3])([CH3])[CH3])*,0,test,0
264,*[Ni@](C9=N(c1c(N(C)C)cccc1)CCS9)(c1ccc2ccccc2c1)([O@](C)[Si]([CH3])([CH3])[CH3])*,1,test,0
703,*[Ni@](C9=N(CC(C)C)C(C(F)(F)F)C(C(F)(F)F)N(c1ccc(C(C)C)cc1)9)(c1ccc2ccccc2c1)([O@](C)[Si]([CH3])([CH3])[CH3])*,1,test,0
405,*[Ni@](C9=N(N=Cc1ccccc1)C(OC)=C(OC)S9)(c1ccc2ccccc2c1)([O@](C)[Si]([CH3])([CH3])[CH3])*,1,test,0
1324,*[Ni@](P(c1ccc(Cl)cc1)(c1ccc(Cl)cc1)c1ccc(Cl)cc1)(c1ccc2ccccc2c1)([O@](C)[Si]([CH3])([CH3])[CH3])*,0,test,0
122,*[Ni@](C9=N(c1ccc(C)cc1)C=CS9)(c1ccc2ccccc2c1)([O@](C)[Si]([CH3])([CH3])[CH3])*,1,test,0
870,*[Ni@](P(C)(CCC)CCO)(c1ccc2ccccc2c1)([O@](C)[Si]([CH3])([CH3])[CH3])*,0,test,0
602,*[Ni@](C9=N(C(=O)c1c2ccccc2ccc1)C(C(C)C)C(C(C)C)N(B1CCCCC1)9)(c1ccc2ccccc2c1)([O@](C)[Si]([CH3])([CH3])[CH3])*,1,test,0
